"customer_unique_id","total_orders"
"8d50f5eadf50201ccdcedfb9e2ac8455",17
"3e43e6105506432c953e165fb2acf44c",9
"1b6c7548a2a1f9037c1fd3ddfed95f33",7
"6469f99c1f9dfae7733b25662e7f1782",7
"ca77025e7201e3b30c44b472ff346268",7
"f0e310a6839dce9de1638e0fe5ab282a",6
"dc813062e0fc23409cd255f7f53c7074",6
"de34b16117594161a6a89c50b289d35a",6
"12f5d6e1cbf93dafd9dcc19095df0b3d",6
"47c1a3033b8b77b3ab6e109eb4d5fdf3",6
"63cfc61cee11cbe306bff5857d00bfe4",6
"b4e4f24de1e8725b74e4a1f4975116ed",5
"5e8f38a9a1c023f3db718edcf926a2db",5
"56c8638e7c058b98aae6d74d2dd6ea23",5
"35ecdf6858edc6427223b64804cf028e",5
"4e65032f1f574189fb793bac5a867bbc",5
"fe81bb32c243a86b2f86fbf053fe6140",5
"74cb1ad7e6d5674325c1f99b5ea30d82",5
"394ac4de8f3acb14253c177f0e15bc58",5
"f34cd7fd85a1f8baff886edf09567be3",4
"a7657330b1c135f3acd420326e335b2c",4
"9cc5a07f169a1606fd347a56683e6ea6",4
"b39dde6dd619943190a8cc9aa6db38a4",4
"12d8b5ed661190a3a08183644dfc504d",4
"b2bd387fdc3cf05931f0f897d607dc88",4
"2ddc001b620bd90d0f4378cfde1db887",4
"f64ec6d8dd29940264cd0bbb5ecade8a",4
"a1874c5550d2f0bc14cc122164603713",4
"738ffcf1017b584e9d2684b36e07469c",4
"6358b15ef7fa9b1210f1a5735cabd3d9",4
"acea6bd29b8c1e3c6a8b266a8fb4475e",4
"4facc2e6fbc2bffab2fea92d2b4aa7e4",4
"83e7958a94bd7f74a9414d8782f87628",4
"ec7f1811826ab04a27a92197bc40c888",4
"397b44d5bb99eabf54ea9c2b41ebb905",4
"a239b8e2fbce33780f1f1912e2ee5275",4
"08e5b38d7948d37fbb2a59fc5e175ab1",4
"7305430719d715992b00be82af4a6aa8",4
"b08fab27d47a1eb6deda07bfd965ad43",4
"d3359a56d96666ac0c21bb01e7a61c95",4
"c37cc6c1a59d81460a3059744f7ada1c",4
"a73c5464692d3bc09d64e3edefae9015",4
"083ca1aa470c280236380973a48f77c6",4
"25a560b9a6006157838aab1bdbd68624",4
"795c1622cf7a53d63d324e862349d01c",4
"a0abd26659c9914690cbd3320d39fd96",4
"b896655e2083a1d76b7b85df8fc86e40",4
"b8b3c435a58aebd788a477bed8342910",4
"c8460e4251689ba205045f3ea17884a1",4
"90f323e9f0948ddd96c6f6a8ecc75830",3
"9aae8213ff9bc04cc3ce48b85f43a173",3
"db03954a9a1cc5e71f6e0f73e81a628c",3
"db07fd2ad9869f8356b1fbeefdac31e8",3
"51d91326ffc0688da14a001de38c264b",3
"b7b162291adff744d6f3c6450557ffee",3
"34b0cd95480e55c2a701293a2b9671b3",3
"64df076fb557552498049bb07ed1cd5f",3
"ef0103e9602d12594d19c2b666219bc1",3
"1c628081cb579ed6035b9aa8614e69f4",3
"31d332d20895c5c0baefe55207a0fead",3
"06a52782a04f0086d16b9c22d0e29438",3
"39104edef5e46d7b8c61848cc95e6d97",3
"8689b3e15d4b16cfd05ecf597a523453",3
"dc48b0a1b0e6abb6586f322c189f6b93",3
"c9b3b24308b1a4587ffa3e60fafc2b1f",3
"3db6e5afa8e8178a29afc729855315e2",3
"3de0c9303f39b7ccfe69ca11aee19cc6",3
"91d0504cf52d3f76b154c42d78979f39",3
"a9e070f61d35aa13e420c8597b5ccb3d",3
"25f3cf83109f636d52d288fa4e797111",3
"4dcabe94c61f202327839a734955b0cf",3
"42befda568ea0df110b6cec63c233bea",3
"9c08d6f85c7fcec4b08ead25590c0af7",3
"86df00dc5fd68f4dd5d5945ca19f3ed6",3
"ca994abc57b0bd7981d91d0061b3d8d6",3
"b9badb100ff8ecc16a403111209e3a06",3
"f0fd988c7c2a4cba167138a8adada6ca",3
"f11821d908830e74ad782532ebed897a",3
"4e1cce07cd5937c69dacac3c8b13d965",3
"7588c20c457369de8caad958afc1cc06",3
"7589544c08cc5de364cad85ee73f4b63",3
"08c07c761592a71b85136aa4fe76a6f4",3
"ba77e9b6506636dcbd03e463d4786f24",3
"cbd08b04b3f301152b7570da5e9c8cc4",3
"ba84da8c159659f116329563a0a981dd",3
"ba87a137c5191264841e0be40e53f4ed",3
"ab243cd9e788d689cc822380f59616e1",3
"cc14ea7099959d91a17c9d7c3a46721d",3
"4e2d666f4bbc94a8ded712172a433d65",3
"593cb774409e5239a1946d1c88e0813d",3
"df946ef265626b1e0a425292815ddead",3
"3e5306add1209e5ba184092dd1587282",3
"ab744045d2445f5bae53b57a4b99bfbf",3
"bb58670190dba4e9b320f84cb98317a3",3
"7d3d94b4740895a17760e976797f9f0e",3
"abfe742e782fb10f5c824fcb849e5cd1",3
"e016365b624d1755f3e2d0e8f1631ebb",3
"9d31457a03125fc870787a251760315a",3
"6668e1ae499e2e9be475b7f708580232",3
"93360190b9375a40b65720ee99387a4a",3
"ac987d464574ee0f743f9b630f937a27",3
"e0836a97eaae86ac4adc26fbb334a527",3
"cd11a0920c498edb1da9ecd2d31aa599",3
"acaf5177d6de60fda7ce77c48abb5230",3
"e0c99ffdcd8891130985ac90cd2d8eec",3
"66980c3775537536f77b434d74e520f5",3
"2e43e031f10de28e557c35ef668f9396",3
"935b9c5a3162185f88dac06d8d08d623",3
"e1224167b1a3f92781c2ff55b0b794be",3
"f4d1502ace38b0df6f052a5544add9f4",3
"e12f7f1e96f1f9f6361572028a1fad5a",3
"f50ca6544a0ed8a52cc964e15cbe9cf9",3
"e13e8b789e5a8e6fe1445f924a4ed4f6",3
"66e56177b9bf464a930e57edc3694403",3
"07b1b60bca2b6326fa2adb259ea4a55f",3
"bc3e7032668d3f411c227eec09221362",3
"7e1681f9bb31800364869a2cdbe289db",3
"76a0491dd70c125840fa259f00dfc351",3
"5f45aa4ef9b8fb99b95d33a970bb64a7",3
"67466b5877fad6f2279c1fb634c9aa5c",3
"cecc19ff12c206e6368dd1e9c22a848d",3
"3ea4185126195c34ed9949d8e406d570",3
"e226254ce0c6d5b7a7ef7218c9b5b518",3
"320e13a9e22b4e4cda8c17ed1c140ce0",3
"26a6e3e036636ef1d5636f98b66094cc",3
"cef29e793e232d30250331804cdb7000",3
"e2492e4188991b6276a4a62a287a5451",3
"894382535eef1ce243ec19088626be0e",3
"6eefa309faab7725bf4b9dce147e4ae6",3
"8961b4ca2c5aceb7a78ea72c6e0c840a",3
"1fbd81e4d0a0cf9125ca038b43533b7f",3
"bd86b1862fe796149a4d2af57bd85451",3
"cfa69922f9968e0e6271647abda09b09",3
"02e9109b7e0a985108b43e573b6afb23",3
"e30b83af13d6ff0b0f427b2a67c43b39",3
"e325e139452a1ca05f5a33acedd7d94f",3
"e3301490c373db9263c15a73172d0c6f",3
"ae20947231d4d44dde1680a7ab14d90a",3
"182053495bc94c2f41090ce8c41be266",3
"7779fdf670bfe673e064b9aa5447674e",3
"94a19681bf6faa3c6ce3e2df1c2d97cb",3
"a029899dd8534557a81c369475ff80c8",3
"d02cbb85434c84acabb8e81bbf064d3e",3
"ae74c314b9c383e5d7bcd99d54ffbc71",3
"549a24530925587e2faddb35f667e458",3
"2004ba7732339d9be65f2236d8887ae4",3
"f8bc1d81f395f6239a2a5ab1b9edf1ab",3
"7f50c43baa66aae590aa1a067427cce5",3
"6f64406ed5cfa4a2d9bd35e91bfd6587",3
"297ec5afd18366f5ba27520cc4954151",3
"0cc2ee1112a11a1094eff52fa2e87150",3
"7849336c1b7785f258ffef06aedbd216",3
"4f4d2fe2987efa0b9e4e61a466e8ed8b",3
"e4b98eebb8983cade8610c0def59f705",3
"bf6656ef50e6fd00e7517b01d615b4f3",3
"af5454198a97379394cacf676e1e96cb",3
"e53fd5575f1418397aae732c5755b6fc",3
"803c530613f5c4ee03502be0d6894de0",3
"78b5cbc4b9ad61445b6609593addca37",3
"1b6e96ed99cb8d135efe220d761bbd67",3
"d132b863416f85f2abb1a988ca05dd12",3
"32ea3bdedab835c3aa6cb68ce66565ef",3
"5b09c620db60411b0be6f1817c6cbe71",3
"c0118e2c0a037c31aeca71d0b81f66a1",3
"8c21dd8c37144807c601f99f2a209dfb",3
"d26c616e241736e0c1c1ab14150239e7",3
"455c17b35969ca198c17f2fc9e8eba1b",3
"615922c430abddd368735199c38e735d",3
"18a65d67bb184e736656cc017f09f7b8",3
"5b3186d7cf904f2f9369aec26faba4d2",3
"041caba6a63ace5818387698ea85cdb2",3
"8cd6f80d3c3994e2060d46ec07ff0b0a",3
"e68e1b61896163cdd7f8e07b2ae814c9",3
"9689908caf4de73724feed92175d867a",3
"6204c4e582a95b6a350adf6988623bfb",3
"6222ef69df52b4ed71be551725551cc0",3
"33176de67c05eeed870fd49f234387a0",3
"fc719c11b4dce594f47e1f9aa739a3a2",3
"96f9204de777192f8feb7776d3cd09b4",3
"a3021c629bd1d99347a8e75a9ab035d8",3
"d387ea85dc301a91740e31360d355686",3
"d3882d7abd0c66064d740d7ed04dd1ef",3
"1da09dd64e235e7c2f29a4faff33535c",3
"fd8ccc89be43894d2553494c71a61fd8",3
"043aee247e71edff7045664609f4d806",3
"e78838df9c44e102b6ac84cc5eea7d5c",3
"8dafb82f687e3b0dc9e97b4198b92128",3
"230a1e9f42924d41f37fd22a1d4a9707",3
"0b18593e033697810a62a987e77f4b8c",3
"3bab949ef05da8e9b3cfd541b6af0ffd",3
"d44ccec15f5f86d14d6a2cfa67da1975",3
"821e75291b1ad362e614c0ea79fc95a6",3
"fe59d5878cd80080edbd29b5a0a4e1cf",3
"97bc08e526795b17e1d4f642f77ae304",3
"d4a5e9f19897de65433c9d97bf4b9f8e",3
"565448508b44312e8489ca1bc1f5d09e",3
"c25d2fb6d22e04ce43c3652e3cacadad",3
"c27a30338b5d9d59399825f77e7dcc61",3
"ff36be26206fffe1eb37afd54c70e18b",3
"4bbaf6f7a10a7e26a8777aa5cb6d5864",3
"c2919fbdb45366551c1e80d5cb35cd3f",3
"ff922bdd6bafcdf99cb90d7f39cea5b3",3
"a40096fc0a3862e9e12bc55b5f8e6ab2",3
"a3dc27d87234f862d7e61a0148c77fa9",3
"46450c74a0d8c5ca9395da1daac6c120",3
"69f2934ad8b50cc05587a94cc7d68fc9",3
"9832ae2f7d3e5fa4c7a1a06e9551bc61",3
"5bdb6f56a8fb4272b802f504bb6d1287",3
"d64023c35e5c1452ce568e993ac12c86",3
"e9b87dccd9c326a3325385087eb0150c",3
"30a81e307f19e822e7199139fe52b1b0",3
"b2e9a05d23ea17713b5d7799f2004f8e",3
"50cd97d731f3f5e3f321673c2671a23d",3
"30b782a79466007756f170cb5bd6bbd8",3
"d6df1c8cb71c59d9b52d828dc6d0f5b3",3
"b3a6549b3cd47a7117094faafce8b10d",3
"7a311d62282fa63be12b02aef2fd21d1",3
"d75acd4c5b7b4dfd32b9d9172b195419",3
"d7624d219b6ffad980e91412174db310",3
"18e3d276253780b44b5b7bf83f6785ec",3
"46958f708ade6b6a88b2e5aca1e66de5",3
"310647380793836bfa5b7b6b3f518423",3
"0a609db8d244100909a15d65eadf8539",3
"8f2fa110f45a5b5592f1593842b7e87d",3
"6a6a7141119ceaeca4dfbae7a580a515",3
"b495d807ccbd38ea1be486a826c88008",3
"23339103d82a054f9729b0554ce22e8c",3
"98e3117841a2431959d17808f04bf23c",3
"6a80a86f478a93a5f4c7ba8db6441a6b",3
"8f6ce2295bdbec03cd50e34b4bd7ba0a",3
"9947c0ed8bf41cd508a78da36abc1d41",3
"728e4a7d0db4845270091ded0923c71f",3
"6a9e15d6fa8ce1cabf193c21aa577f64",3
"c4fe9fc8b5e1b4f9992db983d0429854",3
"a66315c850c3712707754c1eca7a8069",3
"51838d41add414a0b1b989b7d251d9ee",3
"0a61b571f594b6919601bcf3380da7f7",3
"b59e4bb4efe81ba0f7d30cff6734f9a2",3
"a72a2d4e19868dba726c0e6f49198c7e",3
"8ffa5e9fcc3da23113128e94d1c75706",3
"0e4cb268bd62da7db135af6349b4fc2a",3
"c6df3869c263531ebd51f0454a353605",3
"6bb535b0906b43e0041916897667aeed",3
"9077449283dc1319d5e51fb3159b28e2",3
"c76762dfb642ac154475239639f7f8f4",3
"da2b78576894a7f95d45bfd20250cc54",3
"b64ebaf3d11b7209fe566364cc359a51",3
"1373e04979cfa0fb2092909abbd57f25",3
"732d307839b02bc2d3a4c26b515ea2b9",3
"c7c19110042036e6266adc998cbf1289",3
"6419a1be8feac26ec793667b71cbaeb4",3
"2b161eaf4956b131691842e87b3c39c7",3
"164ba50c15bd1157975375a75bbde58e",2
"1650819cd492bbf4b9d189c7d4126475",2
"165d93a9d1da194b47da42c9cf810ebd",2
"16a23480d3c92eb40e134844d52aa63e",2
"16a909e83380bb2ae4676ca69ac30886",2
"16bd767d18bf82bb09fc51520f7ea5ab",2
"16c8e42089546fde55ed3caa46478e7a",2
"1741b0bef7ccbc530ba7287000d5f49f",2
"175b8225bdd99e95a64e07a6c06e8746",2
"176c21456fab655afee57b3ea9799f47",2
"176df29483e4fb6ce1d6dd1c824ad72d",2
"1772c0fbee58b154da028487de51b74c",2
"1772d62f5099be6942fbb3d3e881cc7c",2
"177c725937ae5f96171bb8b43f196dfa",2
"178a58ded2b9be43b90300e0e0e8e66c",2
"179f496c6c02a7640d09f0843452e0fc",2
"17a2d93cb1aab45e3d21d5eba7daaed2",2
"17c7da60a0690728119612a54035452d",2
"17dcb8c62667824b3e3755a5b680ebc6",2
"17e873c00e3fef97c9f1347c6681bd1a",2
"1803287d1e7138aec6ea9d3c963ed87d",2
"18186af785c301b05127a291eac901e1",2
"186638bdb0f600c9bf2bd60e4b14537c",2
"186e4b97d2704e8b76235b8d7c5d38ab",2
"18753de7f8b65856d23473280e71ceb2",2
"18bc87094128bbfe943cf88adcf72059",2
"18d61a27f478cd6201df948578f814f9",2
"18e1192f2a6be73c4365dbc29eb7a6f7",2
"18f17efd50fd7e9595cc1a40205c937c",2
"1912afd96bbe171633bb73727487ef85",2
"191525912e1a31a97bf8b481ce852f75",2
"191e0f453bea7f50ce1fcd514af38835",2
"194be31520cde5c527bad17720119e85",2
"194f1bab01e4e36f4255603e9a427b89",2
"19506c32fa96c6fa4505b4e3ad453b7b",2
"198ba72088fecd3caeaf2dca0addcfb9",2
"19be5923f7d998e76b9f3b1eb87c32af",2
"19bedfc18c92d4e7eb6ba318a6c2033c",2
"19c60787f1a478ec7345d03bc4298398",2
"19cb65cc7310ae4eef4f15bb70539d01",2
"19da55454167240f3a4a39430007d074",2
"19de4cc79e2c2986e70b155b7631f61c",2
"19f19354cf9524cc834a5036ff79925c",2
"19f735a9a58a187253055f9d4bcc2bb6",2
"19f8fcd23ed70e29220a6a2f13ecd911",2
"1a13743254d9c8e6360106295947932f",2
"1a15eecd72a08e1134ba406c7a7998e6",2
"1a24445f0e6006e4336ecba4ba576e4b",2
"1a27a558aac4c4bfe3642b8c9bffcf4f",2
"1a281fe9f53ee457dacd2c9e8ccf861f",2
"1a29e9f39d667f12684910a8edc4b56c",2
"1a2ede4e787ad199c46719ecb02d81ea",2
"1a328a664417dc7cbff0ed7df49f5a3d",2
"1a674d0bad43d5b5c387fce838e4c428",2
"1a68c22c23a52a35f499dbd3c5a020a6",2
"1ac4011bec2c0d9ce8eceb56bb1142c7",2
"1ae30e98d81bdf991fa25b52b8142308",2
"1af3dcbc89998031651925e3994eab18",2
"1b270bd97f6e1d9af2d5d06f0d4a80e8",2
"1b2db8ab2d8e7b84b5455736fc9713f2",2
"1b5720c7b0ee7183c2eafe3dba65111b",2
"1b765716e166ca699d20c4adc8bb0f7c",2
"1b7733821d1e0ec8907bbb441271f80b",2
"1b7b7f9631cd453251d0b328c9b38a2a",2
"1b95e3fe033836c787689ae4b9516aa3",2
"1b9d0a0c0fd5211ae01a554419120554",2
"1ba713c8258f756279a049018ce01177",2
"1bbf6de8bbe287cb474e57d437d72969",2
"1bcbeccb2851888f299cf9a5dba8553d",2
"1c4531b533d17f3b316de441268e513c",2
"1c553721323d2cf153d114724b92118e",2
"1c98969880c8c7c522bc4677dfce9384",2
"1ca845c3b11ba93c4ac5182ab9c1197e",2
"1cbda36ee89944baa7a738ddbdc4679a",2
"1cc48564488184883cc7923b82c7b3f9",2
"1ce1097b476f97ea37d805251c5c74ba",2
"1ce879e096d3c38f230acdab7165332e",2
"1d0be6ff723818bb810023b236405017",2
"1d2435aa3b858d45c707c9fc25e18779",2
"1d39a7704cfb79b7cd820bc83e3de161",2
"1d627d8a6e1e33ea8eeeb7a17d998660",2
"1d72aaec15863f7532b2dbf4a5c4247d",2
"1d7e8be24bca64576da891970638bfe3",2
"1d95a47c2206919e1de2f8ff91065d20",2
"1dcb4c54d17855c39899eb445551501c",2
"1e05761e47e6a4968ac2ee128b0d42a4",2
"1e0926e360000226b237bf277aec3380",2
"1e433d2aca7584032f8f56d51643e605",2
"1e6dc17adde78e52b6fa5e634f4454e0",2
"1ed1f7f1679bee0089061c9db1bd783a",2
"1f22ecb07d25446bf52c51afa93cfa3b",2
"1f2c5059dad2c277b3b338163b49ca73",2
"1f90117a847636892e3c5bf569f2ac68",2
"1f9756abd497b76eeccb492bfe91df35",2
"1f98d2384ff7a372e6a2d3bb75cbcd54",2
"1f98e3467d2b48dfb44fc12b137d3447",2
"1fe11e8f0fa5bea7416ec09d6e8d2b4d",2
"1fea3244d38e951f0196b2728aee3bdf",2
"20001d07954025179c613496803181a6",2
"200d8b1f16d0cc9600022fdc99987a7f",2
"20282afdbe6cf22d5f5a956d8b5a3f78",2
"2028c90d6c4523ae70a285c44010258a",2
"204efc7a771f1a33fd28465082171f5b",2
"204fa49efb5913a76287284d6e096f69",2
"206b04b38a5dc8404458ec16edeca606",2
"208ed8bf578938c97d49b3429358a424",2
"208fe9aa6033a77419f8f503b7698e03",2
"209e5691e2cda59cd71e45417d7f95a2",2
"20ae758fb6688386d9d1540f63d380e0",2
"211aaecea827d378c879c2b2f667c89d",2
"212de5904c4fe864c3a66f26d3043d97",2
"213b36024bb0b8261de0ffbd652ebc34",2
"21421ba1bd92005a3b48e6a745e9b8bb",2
"21559d7ff0ebff720e5e160184338fed",2
"21560f93adbd9ada040a40909ac8619d",2
"216ab90e27f18940cfac8f9f02fb4239",2
"216fd197a786370ce9601ee2f6b5a31a",2
"217394922e43c19740ea4464e63ca8e0",2
"21a2d9dc71459dbd3dad219cb9681964",2
"21bde4e982c4681021edabb899bcebfe",2
"21c3cb2e65b7575d9e079f7be7987d3c",2
"21c8aa0cb27943cbf33d75985e28da67",2
"21d3f0a4bf0cccf65dcfe93b8325d250",2
"21de770aa4f3a60388b97b416ad38343",2
"21effa61d72771ba8315ab56ce7fb7ac",2
"220bcdd6ae284ed1a273d99003fa8a0e",2
"221ae88140600106a982acb69a0add50",2
"221d59abddcd719f3ec72c50078b9e31",2
"2271b98c96ef2dbe4241cbbde7c8c12b",2
"2280ecb8db2591c39d1c7d3e9caa115c",2
"22ac8971f405f9520b3e7cf37e042ee7",2
"22c8d7801061f27eff57f37ac4ef10e1",2
"22f6af8201369f9eb96592db3142b9c2",2
"230b7f6050862e4d39911debaa3088ef",2
"231d36f5c4b238c26f449ffd98c79180",2
"232007f7d8c26eb8d7daaacb46501783",2
"233c8f191c45cef30af148a82ac70020",2
"23539ab2fa3d6e255f96114be5d2dbd3",2
"23ae1bfb4297222c1b522172809a7ca1",2
"23b2d37ef78f3c8dcb31f5eefc30190a",2
"23c536b39a65168e3e34354b80b4ecf2",2
"23dc3a062c6c097bcb3940a909e7730f",2
"24072811917876a84c81166f96aed0c1",2
"240f980f7c03e873c538e86792646919",2
"2410195f6521688005612363835a2671",2
"24115a0c9fc9115c586e54fd5f42e8d1",2
"24259224caf748993c177ebf964c2e6e",2
"24391449252cf6db04ce271b2a208d83",2
"243b99bd9ed8a3f460e7289d0a8df291",2
"246ef4748f64c4e716b4356d570967a1",2
"247e0dcd20596bee51bd2b07f633fa04",2
"24cad6db9c734bd4f0edc6a314735880",2
"24d27f115e367d9129a0e7a7a5d36866",2
"24d9e83fe11e4390b69e1afb2b93f5ee",2
"24fb2954f8c6cdb4b900ed8db6dc88e2",2
"24fc2d6f4c3339820a1a3746a125f8c5",2
"2516f43838c4892e066fec28143efa64",2
"251e658613a224723f8a077946183b20",2
"25314849bf706df0e00da89ccff9bdc3",2
"255ac312f5ceb97163ec60f0db2eee11",2
"256b3e7a939dddf3e40608cac69e88c7",2
"2571f41727577645737ff6b834e9043b",2
"257a0a891aa05c945617ad8f097645bd",2
"2587f2fbf466ff9e409952f2feba0005",2
"25a1ad8a564d758f233c587cc657aa4b",2
"25bd804c580bc1ee0c93d073fae09a84",2
"25c88b7eff936d6a6fed64142b760035",2
"25cac425f64ae1b78c60c2afae3ec384",2
"25f24493ded5ebebc26a69b5db344e35",2
"262e1f1e26e92e86375f86840b4ffd63",2
"2642f11f7c5588a63213b5e67e8ad0a7",2
"26a9b95058d46f1e6a685688355a1cdb",2
"26ca20ff263502c115769540069e351f",2
"26d1b63e9b8478f84f87188c4877049e",2
"26e025af2347c3968f6a578f853a9da2",2
"26f06401a5374fd3d26b6eed06af675f",2
"2708339a3f5355f56983737d54fbce59",2
"270c0ad2a232e4a10be51000bc69eb03",2
"271d3cdd872021b1b6669ad93e8b856b",2
"27259fad9054fce994a70f1d117bc402",2
"272f0ffe236b0bf765e14f5a2b577a6b",2
"27517ed34c0406fe07b3a806e33cbc10",2
"2767f1bba0529fe3f48378c05ea40f0f",2
"27d59fe7ff2ed894f826fd4a7e5466ea",2
"27e86d2ae0db33b8d242c9251067d97e",2
"27eecff5a6338f7c36c78ad05eacc575",2
"280c34dc057ff9f3cd17360673d4b87c",2
"281e1e72207e518c29b249a1361a775d",2
"282d49fddab8e95a8673a2a90072cf5c",2
"282dc4abbf2759fb9bb77217f5cd6c4c",2
"2844216d0982f6ced6f8cb8c2ede4136",2
"286d8f01f94a8061cef05c7c49efd8a9",2
"2878289928927b75d078057c8d91405f",2
"28989ef45087c96e5a4346e88216c2ba",2
"289dcfbdf9ce2f94565a76800eb71157",2
"28ad66c8baf13c85d2a936d0b06e73f6",2
"28aea3e12549a3611bbd8d4e3310e4fa",2
"28b506334071b7dfadd7bd023d9115c4",2
"28c7e3fb75d7ce1e496dc539443b71da",2
"28cfa4471fab15695744e57ce3036694",2
"28da99e178f274876e3052c1740c6c87",2
"28dd1607a5e16ed5458919c2afca6476",2
"291d020953194db1b8578ff8d9959c62",2
"2947c03745112e23dced5a2ab3f8c568",2
"294e0922aa06792eea5094656727c0bd",2
"295c05e81917928d76245e842748184d",2
"298c3e1a698283a45f1c94df3942bb3b",2
"29ae9e23943929ef3f3951a883462955",2
"29d72fba272ad06ed0b2ac6351da042f",2
"29dc4aeff866d6a940c471a3ea4faef0",2
"29f8e372b3b1d42ad2e00a0b976bfc34",2
"2a17d0a71f5910d7207819f9ca9ec12b",2
"2a34af7c4b1b83d78b14cf6b9c32c3b9",2
"2a36404701b15c414647a2ec2102baba",2
"2a3d4df1de5c9feee497328298916d41",2
"2a3f4536e732a04cfad59b6e50c2e925",2
"2a532e879c1278727d9d7001890cd333",2
"2a7f837de6a1999e457b8e3c5619156f",2
"2aba7239448982a76a0a79666419e3a3",2
"2ac4312997e09e6770fd4c3d52adf77a",2
"2ac6f6d09c75bb721defa2eb7a4f52a1",2
"2ae3c67452283d5a0d30b32e0d33296e",2
"2ae6a57dcdd2f1424598fc480cbf698a",2
"2b0d2a4ffe3906cd18019c2463cfeee9",2
"2b100d3737ff053e5003640064ee6ad8",2
"2b174670dbec666bbc68b6e2a4062740",2
"2b19910e856b2ba3e7257e63a093a3df",2
"2b4871f788b44ee004ec2c7fc7cd420b",2
"2b4efa2bb0d9e62ee5e197cacd93c0d6",2
"2b5c14b7e1a3d88ff7e0c46e15851f5f",2
"2b5ffb4c42d26e466ad575ecce365aa2",2
"2b6ce149982204423f4efac29701255a",2
"2b775b75afa0be08220fb73a7e68df3b",2
"2b952792a20f6076f6e7a9c6a27ade02",2
"2b9bd15bf8e54b231c518790c55e5f92",2
"2bd9d2f3cc5d99b1b3d9ff5acd81bd5e",2
"2be5dce8b491a7bc6a65d6e91bf49812",2
"2c14db46aee6245ff5a01f7f69544f73",2
"2c3ed77b92cba1f5622b5ccaa1792b8b",2
"2c45ab66a3dae52960147e76a35740ff",2
"2c6a91479a7dc00d8c9d650d8dee88ca",2
"2c961ee955abb3ac9a80babd54ed4156",2
"2ca8ef8560c5cd0f9ddb65d1b1b51380",2
"2ccc5d0620e07e3b54b83848c31a08fa",2
"2cf396c9e24e7627ff042cccb209b9e6",2
"2cff422ea56f68a1e1bdce4371b88d66",2
"2d0aa39055b967248bf551e220b55f59",2
"2d14556024f4bbe01f147576097c42fe",2
"2d49eaf79111ff286fe657aadbed5a28",2
"2d5e5796e7901464c00407e69739c6db",2
"2d7a88002fb4c6073fbef4f59707a0e0",2
"2d7c6bd64b139f0f40968dd19c629532",2
"2dacd79aa5d1a86240b37b6c588de551",2
"2dc7f51f05ba1b1a92608e45e55d1fe1",2
"2dcbfb99d95c7ba6eb992a98627f45b8",2
"2dd7f52683f631651a5d94056935e1e1",2
"2ddaeeb8948d70423c3326843412fccf",2
"2ddd50b61ee4a82b40033feecac1f863",2
"2e08911037fe7ec67377711eee1fdbf3",2
"2e0a2166aa23da2472c6a60c4af6f7a6",2
"2e366b0c6451864364bab2e7917ca1bb",2
"2e49a3bbeb76297ee0ff49df39c2456c",2
"2e7c511f54e9d94776c606007d672a22",2
"2e9399fc2fe209771a6f719e14bdb6fe",2
"2ef9e79cf6bf3c0dac3b48c8dd46259e",2
"2f118e666b41b76a61d8cdbbc19f7735",2
"2f1ae2ed6bbc4661d04c271560570c54",2
"2f293b442348c20d12aa4537bd3d7234",2
"2f2f4b5a5700a5b108e6da7f0f5f5bb3",2
"2f41863e0922b8d1fbb756691b5c315b",2
"2f679a526d3b619beccc26a3d1435de4",2
"2f7c8c8386941ce0ef458ca7ff304123",2
"2f87ccd8d2d676d667a844ee5c6a17bd",2
"2fa63db193ecb500d4058cae36026f8f",2
"2fb6dae4fb3a2f917940978144362cd2",2
"2fc5e667ccf2a1c87a798be23f1c920a",2
"2fd07dc5dbae616986e00fb72e7a779b",2
"2fe074ea3cc24b8fd57d29effc995f8b",2
"2ff1b818fb048c44dc6629f013cceae6",2
"301a6d74a3eb7cd8e3508a045b8fa2e1",2
"30d2d6693d77801c2bcdfafbba202462",2
"3110339155d740dc64b31e1666952100",2
"313febe2adc914a7cb3f6e903f8e13cf",2
"314259ece6a9207c6fc02d925fc996b9",2
"3158fc4f60ca92412de397461b64cee3",2
"3170ebd8b32a5e2102c9d75e0a7f6d74",2
"317f563ca3576550955f39a346b15be5",2
"318b8659483e12e9cbe1e6550d97f9d9",2
"319aed7fd576c317a96b55a991befb3e",2
"31aa2034dc4b34b06487e22a53b4a07a",2
"31bfa97f1ea0663a50ebc5c811ebdf4d",2
"31d4b05ef830a7347b8f43640eb6511e",2
"31d958dffbf0b744375b5ff0393e6fb3",2
"31e0eb64c5eb715aab04433200ea4ed5",2
"31e2e13cc64f2a3bd9dbde22bbad06b2",2
"31f49e069c399db9c3a0bdf8653e4e8f",2
"322740034480eb5fe9d14398aee49d4b",2
"323f8f14acb90e50f86f1885b6b53c6d",2
"323ff9fd6b4a3edcdf3039e1fb213eb6",2
"32539c368b3b9fa70283a7bce0f23909",2
"325e19085f3017b73be3d9fd98a93301",2
"326489271c23dd3128b4480220e5232a",2
"3279712e1ea8d52462488b4fb9dd7014",2
"327a01a6885ecfda06a3d5c50fb515c3",2
"32b3af6c5548b794f1924e7dc83f9e00",2
"32c3312cd5a2dddfdcbd359694cd7ae8",2
"32cbbf7b9770feb67a514300686f5485",2
"32e93651fbc6d641cffdc40c50d982a3",2
"32fb60e2ce6a1f62eeccbc2d33046072",2
"330fdaa06f93c0c6ffb4af7d79c1ef12",2
"33416ee3d4fa56400ec814d7b24bde02",2
"334293c291f43a6aa85020f8597a171f",2
"334d0235ca6f2f09dd55804a26efe952",2
"335be0ca4b7aa8578e364a76efd4da52",2
"336421b86cc4259a58106da261e0e000",2
"339c527109c4c03e8e09bd4b593dab5f",2
"33aa371b7512b6a9fede4f231e212226",2
"33aca86429de0f71ff7118b93bb09712",2
"33b141e373b4f251b033f9ed33d6974d",2
"33b239671c1c878914ed922a0dacd607",2
"340d924858c395848c127b3e772b6bfd",2
"3442a61b2d5bfd9d605d6943701ad650",2
"3443f8095ad309eebbdc8caa8b2bf936",2
"345759b8cb3d30586551de1ca6905df0",2
"345817899c325d8b41c9e88011a8ab43",2
"346534c8088852932d947f4b8fea3959",2
"346fce1712054d4339be023a27c38f13",2
"34fbeb535f3ba8b34bb0f919b0ad36bb",2
"3504bea0c72ad9e945b63f889702d2d4",2
"3511aa3ff5fb9645041bf1875415142d",2
"354004e1432bff6f9008ce0a5afd732a",2
"355ae139c8a163fb77c065a2d1403ed9",2
"3578707d5fbfaaad05a3862a179bf76d",2
"35825208c1a9b2d7cccd2eee08d8cbc6",2
"359bacb2b5c52b4287667a7bc6c7bc63",2
"35b45b906d1450b3540dc96692f58583",2
"35c62cb24d4c38a9d121fed1a43b2237",2
"35de25c73544f00e8adde226a4d1bdcc",2
"35e146c985a9cf989c91edb4c0c156fa",2
"35e9d2caa31b87cc3d1ad10d72271140",2
"362928c8cd61df2e6951751dffb4be85",2
"3633902a0addd1ffc74cbc13d96da288",2
"36445bb429c8bb13c3f8cd6794723647",2
"3648f9e5f51f679ed24deff1f031a093",2
"3660e33bc132658a08c234cc82e6d0cc",2
"367f4686d7112d69feed92b02a1775ed",2
"36be413fe0f4a74eee7b764e758730ed",2
"36cfec707344b75d20e6c7ef583c3b8c",2
"370cd3b09ea745fe047fd11db7430441",2
"3724bfc68569cc4df876284536b8add9",2
"3725c5b8c1cf5ee69158f66922a862c4",2
"37266d5c6bf5cb0700372d16599a9b21",2
"372b41e8faa2819e0b6346b16cdf402b",2
"374fcbbfcf189ae177b2f955f9e74b3d",2
"37545efd489b0b7c9aa20690f344271d",2
"37669671d35808111ab0d229e546221f",2
"377860a7242c2e503c926b76ab6e0a65",2
"378c06babf08c70f32e748ac24ea33e0",2
"3797de5ad80619a55a3c0a8a034f5ae6",2
"379a5698aeca26ff55abca9bc7fcaa4f",2
"37cc3e75e39bb11d75a1982ac0d07c17",2
"37d0b647301742b1b17d627e4c10aeae",2
"37d2d1ac62901f9a36cff32ca86c9337",2
"37f2527bb624e379f72a742154fdb762",2
"37f8e7062a53c1a0fca4f59f4c6b1429",2
"382ad79426068e4ba6ed73491d4441cb",2
"384d6654ad80e9f1426b7a4ef9e40997",2
"3871b0ab0166a2f441fa762f5206cacc",2
"387b38ebe598313ef56ef3df19b192af",2
"388661387449408a9ab88ea55c9f1a0f",2
"38dd3f4e8a4cc5e32dd0a4426a1961fa",2
"38e74ef4e3bcf3019fd22b84649bf90d",2
"391d6062da3dd65b4de4524f28c478de",2
"39618678c9395910a7d675df2b0af941",2
"3991c84b618da2e02b44ba48aba925d1",2
"399a2a06a7ddefb3b09460ba6a1bcf12",2
"39ae2ab725be4a0db66896735a49dac7",2
"39ce02a045b8e7b0329984df3109957b",2
"39d28c99c5382bfc238c047203595443",2
"39fff7cb5873a7116b02234bd1e6c6dc",2
"3a131e6c88849b1d0b28020c3809ea29",2
"3a2681b8e4c9f2171aaade5d578f2cb7",2
"3a2d236fc85fdf338f179ca0cd725433",2
"3a41ac64aa715256d81e129f02b451bf",2
"3a43af6775cec872d9a3c80707eb3336",2
"3a4acf4c4c97cc25075d29f8d29f405b",2
"3a502a4d1e63887120fdc3b323224d70",2
"3a5b0d10ee72cefb504df217532a4e6a",2
"3a649b3c6b379a427fa6f4a5f646a43d",2
"3a73ce6fc3b392e1ca609b5548418c36",2
"3aa71d539bb760f054b280604391602a",2
"3ae522de6b23a3699ef105d4c4b3b82d",2
"3af90f255e824d1d53b3584a4e89ad58",2
"3b6f5d22fb32e6ac2fbbb944b18cf1bb",2
"3b80d2592c113d689c05232eb90db0ff",2
"3b92b8617254e581d164b5d213d437a2",2
"3b93b770a314d48d7f698a09cab03370",2
"3b97119ab53db4ae0144dff13c2ee26b",2
"3bcd0ddf751cb9542efe9f6299fad626",2
"3be412c1321c061d6f85c5e41530ce2d",2
"3bfda42ef722cb59c430e6be0b68628c",2
"3c166bd80203dfb723ba32f64bedd87b",2
"3c25f47ab68536a1d3d6b29b9c8b7e63",2
"3c3dbbf3d36a7a4587efada79a3166cd",2
"3c555d15cca5369965d1759ad9530a66",2
"3c5e1130694632f44051b23fd86ad9e2",2
"3c884190b71bbb36aab161465ff1d2c7",2
"3cd4207d6ce944798257ac5953640a40",2
"3d4cd13fd525234c1c4a2304fbe769e0",2
"3d4f12dece1264e5d6321f1b7f003336",2
"3d50a44231c2a153219cef76ee3e445d",2
"3d71bc3ae0c9f857ffe17636e0d59aab",2
"3d740e7cbf7e5b18027f204bd01b0be4",2
"3d75cbf8643a1c15723adb850fb5f928",2
"3d93772915efa454a89bf52047b0b285",2
"3daa1c97a3155484f70c88b19c90dfb5",2
"3df4912077693dc7933267da9542825c",2
"3e3d56f9737c010ccb5b67c601a18b53",2
"3e47025034c5a31cff56168ac0519f1f",2
"3e5dd5efb71f831fffee3735c9e41e87",2
"3e6658866cc636c1762c080ed56f44e6",2
"3e7bb77746c1489704b3e041860dfb6d",2
"3eb7932f075743f0e50b0d9966707e6f",2
"3ec83b54e0afb70def9480cd6b9097f7",2
"3edcab192482e9871c17b34cf98c3996",2
"3f00548d480f59bdac5e1ad8a68dcfe1",2
"3f1ae9854823f7c0a8027bd994b2ce64",2
"3f36fa15a16c4850992aa0f33561906e",2
"3f5534bf8c9378ee05b7dd684cb20e8a",2
"3f6ac9a49767899814866524054ba779",2
"3fc38da1985b9e820504f0ad51abc8d1",2
"3fdc39171d444e1a1cd4da98ac2e4adb",2
"3fe3e628c6c7a15ae96416826a4c5952",2
"3ff874206f1d7d1e3ffe12bc9c88c27c",2
"4011b7579e894fa929d2de97b4928f41",2
"4041baa51d9eae8f5955ccd4f02bb044",2
"4046cc9e4828038b58ee191e1f713466",2
"4067ba7df47a2bcb753ae5f7530fc7cc",2
"40730ca1af9742bd0bdbcef270ff4c76",2
"407a6773db6e845737d04a6e27e653b4",2
"408aee96c75632a92e5079eee61da399",2
"408b1dc1bf28c3245e5eca9097e14b9f",2
"4092bf290aa60e4f2d4a0dcc2f38c954",2
"409379e6e577c89589dade402e6c2522",2
"409fffcdaf4d0eb689458f1df6b2c240",2
"40aa675201863fe2a78cc40c3ab74609",2
"40f4b191d404a10a6039af0b26dd62c7",2
"410a0462acba9ae869f84450fae8a4ea",2
"4127cb95c20254485869d698037a3dfd",2
"41348c09a551501117e31f8a4149950c",2
"413c048b3543f926f2e486c53de5123f",2
"415b073d153528fa1ed35a42e39945da",2
"417021b1b4553c55daa22f17dbf37cdc",2
"4186b96df8197e7b4982a751c1dde3b6",2
"418ee6e3b8f19158d67d5039f19783b9",2
"4191bcfd448dc07138d2951ea4d10008",2
"41b3ab6b1f95cbd2afb361e852a56917",2
"41b4af321ed477242aebe74652fd8219",2
"41d57ab847e5ccbe403f46b07ee577d6",2
"4220ae19dee604e8c1dddccd4e535502",2
"42398dee8f2098eec5579129cc1a6f5e",2
"423d40b193638955a782839886648464",2
"425634deb94b1080fc7d283f3a644941",2
"426a9c4b189f4342ea12e7cc9d48a883",2
"4291db0da71914754618cd789aebcd56",2
"429de3d8004cbe46652a0e069fc545e3",2
"4307ca57b237ef2790e2a99ebcf3c7db",2
"43255e3df6cda368809baa2fc72872c8",2
"432aa6200ee9673be90863a912dc91dc",2
"434825743a3426c100c479f571816a81",2
"43714f2590bcb9f935ae68073d6c34f1",2
"4377c22228de511d013c6a7560d58a2d",2
"439624e26bc73309799fd718773bdb8a",2
"43c73f9043398f0dd2163fc5f825e61a",2
"43dce1c46f91f3cd233905d0a8b19153",2
"43f9d5ace80c6d3c5c09544bc2fa8484",2
"4440347c82849cd13be225a1cafba6ba",2
"444afd392665f1cc1f3b65ec48063735",2
"4473c7b8da89833fc08fcd3443faea81",2
"44a22a3351d7f1bb3d337d1be11b41fb",2
"44adda057b51a700d1e287783b02516e",2
"44b49176f1aca9533b67f3eedab0b2de",2
"44b6bbfea26596437062a38c8e6bcec1",2
"44bd7571a7dad968306f7776bd5a5745",2
"44dbd08cc06662e0ca8ac504aac75f18",2
"44e64b7162915525578f601e73e72b16",2
"44ed2c2de63bfe22f6596547584d7372",2
"453c2895f29b6d9a47f8cb48e00b024b",2
"455b49402053f170c64a3ae7fced73d4",2
"456f6d64ecda1b968375d3a68eabfb5c",2
"4577881f7a6c10d8eb6bd7f7a82ffa86",2
"459759c02362af7a218dd2fe035b3c07",2
"45ca4053806ecd0f595c633184e0ff61",2
"45cfc55a4d5073c50be858369454fc0e",2
"45df9d71b80f651fcfd26763eebd027a",2
"46014217dceae9154e4f85ae292bc9d0",2
"4644f1b187e390a08b4c66fb16c91364",2
"4658b26bcea972ed0b86a5f8c61718be",2
"4666e7be827bb14bf746a56f740e62c5",2
"4681829483318507ed55682649de6571",2
"46b061196b47dfe9318d38bab6a40ee7",2
"46da36c3df7118852b770394d1ba2be5",2
"46ed126bcf1df6e195dbc63d7c320983",2
"4702945c3b363dd3a5d1cbe913cc95d2",2
"4702ba5faa8283e0f6b6a545cdaf8a9f",2
"4711348768db55c57a67aba080ead566",2
"473d9165586cfc6708841d07adf6c020",2
"47544c4d42f988172faedb4b05231671",2
"4754e3b66497719a91b36268ed9c5718",2
"4755e6cf97a25760ab159e0457c84a29",2
"4757b4d81eaab4d270e585126410dc5c",2
"475cab480951109dec3ad6f770167fa5",2
"475d4eb16efe698064c2966acd62584c",2
"477f7f182e8da105ba6713c0d5a24f15",2
"479085be6190cd4a8e610b4fcce5f29c",2
"47a71b49f98984efd3c62cb213f977e8",2
"47c89a36acb8a73127ec91d0542289b5",2
"481060b29de0e9b3d7f4b2991cfb0767",2
"4820f42c8203dcad5d2c17cf363048b0",2
"4827d6a02f010b9505e4af04c7fac522",2
"4837d18df7cb3d4baf1a3959d0244554",2
"483b26e1bf0f4797e5512d8849d90835",2
"485b849ef839f0f401da8bfdc7ac2781",2
"48625b68a29dcfc3aba4b5147e0625aa",2
"487b72af97cd4e1dcdfae25627f3ea8a",2
"4897a3c64a635a703a71dd2d9189bffa",2
"48fd7dec70f2b104a1d5e8c5c639102b",2
"49257d143ec6384f53a6648062252966",2
"494e887fef923d79982b3c0e1ab49cdd",2
"495fe7ae31686381c8145b2936e761dc",2
"4962136f755981b83b03f476e66eea7d",2
"4985c6f86aaf1460d9b6fdc74465a5a5",2
"49afeec74ee36fc6e5582ccd16111a14",2
"49bf911a5666e781425b4fe91495454d",2
"49c6b1ee895e59043bcd5e2135f08355",2
"49cee01774f85ef576192e1038cf9cc6",2
"49d1599dd80dedc213037342bbe43fd7",2
"49d602890c664bcee124fa70e94d9fb1",2
"49e6749fd8bf4a9218457eb19a92e200",2
"49eb3e27a6fc361609658d710948cef7",2
"4a2ef0b951aa7bdda04470d961d5e755",2
"4a433c62dfda8104d295307e855c82a7",2
"4a6ccb379c9e5062ad3ce2324222fbf3",2
"4a875173bfb6a79bc80ade998b70132e",2
"4ad4d9be004941fb8e0ffd31ddbf1f3c",2
"4b1141303289a23d05776bd25076c2fd",2
"4b384b778ebc0449d0244902bfce7beb",2
"4b8b7bf8d90bd492c7a61ec3ce264a0a",2
"4b979b432abe14a88cd0cde893952677",2
"4b9c1e46a59a75a9af94bc7e355b97a0",2
"4badd97df3e4ad6d64508b5c25d4dca9",2
"4bbba2a307995c25e9d635cc1a9700d0",2
"4be8154b42b4593fae17f1b2cb375615",2
"4bf3d072dcf303280e82dc697b516c6f",2
"4c0bac678bfb8ff0becd5b393b45a884",2
"4c112bdeac93a04155c340b65b35c232",2
"4c116f8ddec984371284ab7bc860001a",2
"4c3d123168c78dcca6cde5a7274430a5",2
"4c45ebf94ecf4107850d91bc326851c3",2
"4c4b5dc90eb4e33188153ca3e7999f92",2
"4c5200f7d135c94fcd304cdd0af9837a",2
"4c5ae17e8984ca0916543b159eac0f2c",2
"4c93744516667ad3b8f1fb645a3116a4",2
"4cba4382020c8e217faee72173ecb0fc",2
"4ce423721c74231c174d0bb22367645a",2
"4ced1b9f8668a9792e5484da6d97b229",2
"4cfa5155cf7cff8eb15e0b12041d058e",2
"4d191bb8e1eea602e77b4ab62cf4daac",2
"4d1fe8b6f5e9ee044a14467c8b2832b6",2
"4d28234ccc945685ca892f6184032215",2
"4d2a058cead19bc1e7b3580be5893b2b",2
"4d5cbb095f36a674f6f4a852959ad11d",2
"4d7b6c39aa3c7b53acb8058e4094a593",2
"4d98a16aebfef3772cc4d547bcae8761",2
"4d9e104764077f7dfae917c7cc803212",2
"4df9aee56fa602c72756abb22ee60b17",2
"4e1554d1a2dcb38dcf22770eb7390fe1",2
"4e15fee963523774998876e3624952f4",2
"4e23e1826902ec9f208e8cc61329b494",2
"4e39429218dac10ad4e57dafee3d92d4",2
"4e3b6c25502ef69e5c5e54616bf67ed7",2
"4e4b787733d41ea0cb9b69a192bb285e",2
"4e5aba2c9b150920c8c7b5b4ee0c197d",2
"4e6588068c000d6f539cf24c66a96816",2
"4e78d9253ba5cc1d990eb09ea45a3a2c",2
"4eb6fcfd481ef3c2ab3afba135ef4bcc",2
"4eda116add853323e439c104b7d0824c",2
"4ef6c02126b21225e011b242f9f79c6f",2
"4f011f45db425dcd3be79d4c11e9ad05",2
"4f0c8db463d2261888faa81900eb33c1",2
"4f2029f4e7aea8455f5c1cb9de0b7ccd",2
"4f223a62631b82cfb22241007bbd60dc",2
"4f477c554c5bd165f95d62b409ac6425",2
"4f4943d1a8ac2c4a65d4fba25ee8c0bb",2
"4f4a4c713a7892d9db23f694fc647d13",2
"4f6d635ff2fd4e30ff5369a7b943eb22",2
"4f88e6285f805c9a823ba23291a65ca3",2
"4f8e0cd35c770318d9e8874c2956345a",2
"4f928a6270233d6c7c4e73919fa12295",2
"4fcf7b9d6a54ded837b9a0ff601bf7ef",2
"4fe67915d44791a5deab2957c2641048",2
"4ffd7cf05f22d7a320750a2f9e73f665",2
"503279f30dccc77b5d832f20bd485393",2
"5036f4227f2e546879f581d8fd3e6ec6",2
"507dc9becd4fc65635d90682dfa9d3a3",2
"508cae50c5c1e72079d266a513bca9ae",2
"508f416faa150cd3249d045d81c93399",2
"50915df398391da01c01bd5cf272f61b",2
"50a662e7d7e7e2a94112a4f15a37464e",2
"50ad9fb3ba7f8cf336529fe94a182996",2
"50c7adf7c25188cf27f66e1cfe278fad",2
"50e1b12ee1e2eab6157d9c0b035136af",2
"511152350c802fe363fd2417b1a09357",2
"5126071e8e67f61789f6ce9f3af56143",2
"51378a8908cdc12c6545fdf842383c97",2
"514f8ca0f04813ed414874f8f422e6c3",2
"518199e5f36305bffce18e38aa2642aa",2
"5192c897072033288df55bd01b0e5737",2
"51c23d1b01aebce5a1e32e3d9b312aa3",2
"51c2f039f08424330a6bbba4c9949d98",2
"51d11e5abc725531b3a2fd56456885fa",2
"51d121ddc025c1b70f8f62a1b727aecf",2
"51d8d985d769925b981b4a34ddf6dfc6",2
"51dc56123336c573f2977f5da81b17b9",2
"523730e4b2ef7654c243699b81763112",2
"523b7915f240831d06b34ab9b804a200",2
"525236008daa62b6022f35142ef864d3",2
"52597838f6c178b19b961b068d048c71",2
"525cda9909aa001ebed396f6e55eae01",2
"525e9dbf2f675f893b9f695d5ecefb31",2
"526126c9f6a2a58d226b574d4d6c2278",2
"5275b2f97b9c995d3d05a58610c0bb67",2
"5277f2c18bae9ff7f93aa8118ace6e03",2
"527c6fbbe85cdf78ff1645e0a71e266f",2
"528553785a32652e5b1f5dc33899f754",2
"52abba659c0a219f8de7076dc33e0e83",2
"52b8fc428690f8974a3d3ff3a162f7b7",2
"52d40ed525892e7b31fc34aa750419c9",2
"52e05f52b2ccd1945aafaae6ceff7ba1",2
"53100f780630b0755dcdec40f673abfb",2
"53b30ca78efb2b7efcd3f9e461587eb2",2
"53beace9d0aa08b64d759d5f5a66550c",2
"53c84ac43bbfafb7a6b5d9076ab423c7",2
"53cc7338a7d5994fe8baa28a039d2343",2
"53e4d5ab8287848319f0220d47ee7ca0",2
"53f34954c078f5034197993c0e109b95",2
"5416f8ad5bc33953624084ebc8738307",2
"544bd839b4e7f92a077c7bf2410f8b02",2
"5457ae2c352c18e3bf5cba68301d96a8",2
"5461338ea772177374bcf3f23665178f",2
"54732c804725f94304b9f2d1107a3d6e",2
"547d0504ca415eb4864fa3030f73d3f3",2
"54982b0c374191195d5f433c7cccae90",2
"54a22a0d776f341e79356ad4a761aa81",2
"54b716ecf36f372ca6a585a68025e8a1",2
"54bf1780705493f3224d73bd48e53186",2
"54c7b4f48fb9e911bf328bf9884ca61d",2
"54e0a7cc9c09c591bd186e4569c7bf30",2
"54eb010282ed1c4a38e101aa8b9aca37",2
"54ed3f082c9e7725a0e26e9e682fc825",2
"552fc05a13d28356a38e8b13f64cbe4f",2
"5568fb2b583235812ed08eb9587d0465",2
"556ffcdd6185be1c44ea83be3b1b5f86",2
"557b158701bedbb76b856eb5f3af51b1",2
"55b488a273c6ec9ca293736e9a69d0b3",2
"55efe0d41e47d41465ea4fb5f8badee0",2
"55f21db4f9a353dcee5b774f750c65a1",2
"55fbb64f60861980e74c4f136f304297",2
"5616f75d22507069b5383854a1d8c414",2
"56238e115fd05d88a5e9ae565b8c2dbb",2
"562b3bca5a8903b7451462b6e7aa6082",2
"564df947eb9192d7e1613b1b957cb192",2
"56b088f218c6c02cd6e86bb9814271cb",2
"56c355e615aa216a8c404c4f3d22383c",2
"56d6d1ae03e95325991e4c77bf3cbe53",2
"56e3a158ef88285f2c15a83db0b13d93",2
"56e80e4b4a777631c5399e3fd0d6ee85",2
"56f77ee91e06fb36402afa524deee676",2
"57017bffe1b59c7da66267b6d3fcd44d",2
"5709900c6ded8af6dfb28b043943368d",2
"570eb70ff97166b85ea96be3bfb65fef",2
"572a2a7bca60d77e596287ea324a4680",2
"5735fac0e3e12fee0b0545828a977acd",2
"574e36a816bf7a295404e686062fc0de",2
"575e8735ac3203bfb92c7d52919faf70",2
"578035514ad8238fa724f24b4aabc1df",2
"57a00f215e83a19190f6a5dded389806",2
"57b5d9f9fa4f1ff41befbfbf0fcbc3ca",2
"57c6a5ac88fde55944675cc79c4d5db7",2
"580561d937f063a0c4ffe1e4832df2f5",2
"58075e17e770fc08571c3e0f452f6a11",2
"580e86cc6d0c8eafede3d6f2fa4bf9ab",2
"582183483d33018384b309d31c45f353",2
"582413ee5c9cf48218666c6fd967a221",2
"58498d9dec038f925f6406ebdfdc36bb",2
"585ba6a115792c0b0483d65e5ab1f4b6",2
"58812bfc80ed972fa2e7f3614c0cd22e",2
"5882d9af214f8e2acb3e74b94a109c62",2
"589211c7448e6c3b58b0ba98ce089ee7",2
"58aa424ba24df5dc745e1a3941abc5a3",2
"58c1b085b54c03a1f1ab5f13d64c2b1c",2
"58e2253f083d42930c64ca32b510a512",2
"58f5a0b391493cf37a8c32956f14d6d1",2
"5908f8630bbd5a8d5984b25f85588168",2
"5925dfa8cd87ab4d852383f7039c8bc2",2
"59268ee5dc0cd98a36ea808010826cc8",2
"5936fabf5dfeaa6c31d9f649b5794e2c",2
"5941ba7f91b519d195e16e34fcf61bac",2
"595ee036d3a69e80934a9b3618834085",2
"596f46e4d4b172098ad46d4d7880bcc2",2
"597e54e653cbc1ce5df1e6d97bbc448c",2
"598ef1f13aba15f2b88387184f6c25ec",2
"59bba92de9b8f6be0808e4d9d64b4b43",2
"59d66d72939bc9497e19d89c61a96d5f",2
"59d8d1ea35c02a6a070ee29944b0ea86",2
"5a21363c92f912e70cb482c96bc03af3",2
"5a2e847dd085d36e3ba8916b75e794ed",2
"5a30802342302d5bcef2bade8d40d847",2
"5a494c648fde2d1ec4eb614274ea7159",2
"5a689ab0069d25bc6c2be47d4b3863d4",2
"5a6b37816cefa8497b74b1ef78dbb202",2
"5a819fa976c2a1e65fa35e5c890d4dcb",2
"5a85f706b2059c3cd55287e105d8d5ea",2
"5ace05247b6926d3e595ac4de6620b1d",2
"5ad31e19d737a51f803e6986bbd119ff",2
"5ad84888519e10ff52d8af00641d41bc",2
"5ad96d7a95788923e8ff455366a90015",2
"5af103d3f12fd83434cb97578a1e8d49",2
"5af895ee7ff98368a5bf6faeddd18cec",2
"5b07d855f3356e33b1434dfb5a035cd7",2
"5b1ae94194ff6e974356063557746e47",2
"5b26618da34612cc4947bbf6ef4fb67c",2
"5b2c2b2a8d9e890debe309928d321f20",2
"5b3b19201bb81179198a9ce0d26ae56f",2
"5b40b6d003822b8ff229a910784fe4e5",2
"5b52858bcdab75cfc4593b13ea32db62",2
"5b59166412dd5595f77a43b217c39132",2
"5b65c2693d8103d23aa910cd33d68daa",2
"5b71ca52f13f79c2be72b2aad8755c0a",2
"5b881f1b0bea55f5933b61c9a99c9ecc",2
"5b8a75e77489899ad9e6d57273aafd7f",2
"5bad02ee81a2002eb3b5b84d32bfc15f",2
"5bc94b60050224af3dfdd2377c7e93e6",2
"5c00e849b56a56ea31560d5d66f933e9",2
"5c117c579cb98a9c6c50e1301a349f3a",2
"5c2b5c09534917d37857557d37ed9205",2
"5c4b7aa014e584d78525c38717510f01",2
"5c5a99e5ef172fbf5fc8a68e6bb2e0ab",2
"5c65a2076c901f375b01aad3a60c7447",2
"5c77da09750b42091c93c331d544ab53",2
"5c82413b70d65c90e4f9e465c303fc82",2
"5c8b41ba21631ca0432de4a10a56fcf1",2
"5c96017028584678dd28c139566b87c0",2
"5cb8c9998e51269d6c8c983def687414",2
"5cbfdb85ec130898108b32c50d619c39",2
"5cc1eb5a94ab59494d63f06a5c7eec15",2
"5cfc9643603c095fd7ed86a50fa17887",2
"5d2dfd15300a557c1ddfad56a8460226",2
"5d323409404dee6bdb0f6cf9ef828dae",2
"5d63628c95182301765aa1482b0293aa",2
"5d77cf4bfc8132075fc589f355875baa",2
"5d7ebc17bf6d80838b3b42da27e0a5f7",2
"5d7ff357d021646cf8adf2601713f624",2
"5d8f5f50fd2c7fbe8b335d945105a37f",2
"5d923ccb7548741c453df5a825da2515",2
"5dbba6c01268a8ad43f79157bf4454a0",2
"5dcc06236098340b984e6865ba850593",2
"5dda09ed137461608be539348c1dac39",2
"5e0aa142dc4760e62a74c1830cbf91b1",2
"5e24610c5a55f0b6ffdaf9e846d02362",2
"5e3e9e897d07a80fc2af58088a84812a",2
"5e492797fbeb54fb3e96629a55cdd480",2
"5e85d75d3e3df197f08b89a2cbaad54b",2
"5ebd246be48ec18bf3859966284333f8",2
"5ec4c90f549177a8cbbbc7419353e66a",2
"5ed4db82a99daa916b5a11e6c48df670",2
"5edb5e94dde197f8fd914eec2975b891",2
"5ee1a7e84a17bcddc784977557a7a186",2
"5eefb861d4921a3e628bbc65c50a480a",2
"5efcc46e1fee22373a28eb2b0f26a6fc",2
"5f2a213343d506264f78cb82dd914434",2
"5f435bbe57e905e19378fa56b60e9d16",2
"5f66ee1b2e030748fdb83ab9b01a7064",2
"5f7f2f316d856064acee6f1db7c9f63f",2
"5f80e1b868be57e4d50ae6bbeae78d77",2
"5f8ad624020f7db33a63d5a0e5d14348",2
"5faabfe6772088c4d906b63fa81ac63d",2
"5fb5bf48cd408d971f873069e5178898",2
"5fd82666f1e64606820d24e3fbb5d160",2
"5fe117882be55ee9ad0d6c6c56d11019",2
"5ff735d120cf4ec4adefd9766f703bf5",2
"5ffbc70da7ad1808b6899421caa84fbe",2
"601bf929b8d0a8feecab068a2110ae1f",2
"606441378b517f9eeb89f9154a1c4d4f",2
"6084496782926c56bf04c556331bf884",2
"60863e9f13562f664b73e6f76ff85910",2
"608646d3514cc48a27d666e313cfe0cc",2
"609adc68db390a15fd21648c496f50b7",2
"609b7feab0f0c9726929ec4891447b02",2
"60a22f2188cd2b544c45f103d0e00539",2
"60d2dc24e6a89bd218f646df03674e5b",2
"60e6fe581610db699ac03fec61f4d53f",2
"60f874c577dc096ecd52bd0bf6bd5942",2
"61181b9bc9188678b5991d89064dd961",2
"6197167907273be5ee2c7ab59d4ec8e1",2
"61b6a01709e3d754942803765b85eea6",2
"61fe766e454d5e750b33250035b4311d",2
"6223bdc5aab952ee49dea3511f89e7ec",2
"623674d39fd0350df92b1f91c469ba39",2
"6287d15cdf992224e7bb7010c69c4095",2
"628bdd93abd27fbdd50f4e2e91ec64b3",2
"6292600f71fe592f716a3e542f184d18",2
"62a25a159f9fd2ab7c882d9407f49aa9",2
"62b8761192c86f4ead06f4a433096a2b",2
"630331e73a79ae9a2ba821bd326ea298",2
"6316cfb9fc33f7962f7459a3bc144a89",2
"6321cbc5ca73fae88f1acccaa086ecdf",2
"63387fd3e05eab4e51cf704f233db5a2",2
"633aa358e90a435dc47a30af5a0a832d",2
"634420a0ea42302205032ed44ac7fccc",2
"6345e3b3ba5ee47685e29ec5febc8155",2
"636443768344855307bfe5f2f2f6ba2e",2
"63669b3731dcc014feec668c3d888aa0",2
"636f22218f8430a8463c5ddc5f68fc62",2
"63adc4def3cd3c39bd83083d737d98b5",2
"63b4253e688c57bdaa18741b3fea5a01",2
"63ded44f46d409896e3b7c47daa688ae",2
"63df651d5e8adb6a0e4baeb66a0eea37",2
"63dfbd8f45b63fcf5c5aa1f023209592",2
"6409bccd4062c7105e9fd94c9a72082c",2
"640e0d867e85601bd8e64029df6034b5",2
"641584b3ec3027aaf8fa9c088f1a1a00",2
"6428403ac3b03984c38fd083fa1647b0",2
"6457b2cb5462c1217e8e6d36b0ff39d2",2
"64652d43a3e2bbf0ce0ac8675b21b0c8",2
"64a5301ff6bdaf1baa00058672402d7a",2
"64e037f54b4ff31461175bcc8bd210f4",2
"64e9a736591627c469dae6f3d1592a61",2
"64fbafb2935c7a2588d6a26a9d750487",2
"65571628698194dbda526c22f5ed2317",2
"65663adf8c7a498b79e57ff84ab2b654",2
"6576977872dd65f5b680e944afe3a724",2
"657dec397f46d84dbe64df2b0389b3cc",2
"65859c1624b7642ec285b4a71efd9506",2
"6594a65023bcb47539aa91b0f8e98e00",2
"65a6ec5d6e6e86bc43a2cbf235be4675",2
"65ab3020e6a929e4e9a4b61e643da832",2
"65d6b6a1113bd6152e3307e99c5104c9",2
"65d7c0904b51f5b432e71a14b25121dc",2
"65e2735427dedd6a787e5b065b3cc41e",2
"65ee274b862c5c053367be8a70dbc029",2
"662d88cbd178177a50141111d3a6932c",2
"664fe7916cb8709c6b848383c6361dcc",2
"665f8bbe2cf428657aeb0572c27fef58",2
"668ddbdd3ee99d4339eadfef21531d45",2
"66ae4493fc7c710a8db6d9620901f40d",2
"66f4eec9da64df09009a7f397c2a32b1",2
"66ffab11964dda54f46a826323635120",2
"672452f682b6cd65d8256f3e527bb93f",2
"674e552503d21cd547fdd0de0bfb9be2",2
"67626c49069bdf05ff127d59a6649948",2
"67806996190d3af60247f64e1d03877f",2
"67bddde1844b238fe25995cde1612b4e",2
"67e747b902c2d5c2e5a266b00d965145",2
"67fcfe4915b93624867d350b8191ff7b",2
"681405a99faf3ac8afc2dc018a3f67bb",2
"6814507660c72078cbada9b3660683dd",2
"6832ad9ac97f82c7c5d614fb8e632e7b",2
"6832bd3ca1bf89c9e60bf3c91d846ec9",2
"683459cab0129375a071efb00da7c191",2
"683cda1913456fb0cca302892b37a052",2
"68497ce04e9b12cb402671a29acdf6a2",2
"684fdd89d877968793cfb9c8f7ef7874",2
"68519bc41532d0f1a6613d278f86a5bd",2
"6856178ce177496369e3a83fd143e621",2
"686c46ddc0828bf3c0af072c44dd96b7",2
"6871b052a835417d6d2e11153e0d3c2c",2
"688d5274462f91fa0332582b748ce41d",2
"6894b2a8a74e1c7fb9452d0cb861e634",2
"6897ea9a949c1009af8cc38e691f260b",2
"68ab9bfe2388b0b36614c7000b8b1cf8",2
"68f412bbb674141ab49ef13b501baf45",2
"692074726678229d1fe1887a9f0abb14",2
"693b3203dcd4cef5288c5fd8d53f0efe",2
"6940e424e41600ef36c79b6d8b4a2ecd",2
"695dee4c200e4cabdfdb01287f5fd29d",2
"696fca7af7f751e1749087433a92c790",2
"697452ef6f8c549b18ffecd3e0197460",2
"69768afd389429f6ec48199e5fb8e61a",2
"698118425f0afbd4bee557e51b6bd49b",2
"698a9cafcc15cac8cdbaee64adc6efbe",2
"699003f10173022740145aa4aaeaccd5",2
"69aab61687fa416ef601af332bd0ff0d",2
"69e333213f390c27d001d415de206697",2
"69e4074cb5368c1539397e4ea570757a",2
"69f7e342c28eb22ef6845facd926e810",2
"6a0d68294a58730f94eab8de2abcf050",2
"6a2ae83cded378a462e86a2e4885e750",2
"6a2c39f27e5c40a4d2a0cd94aeb8c925",2
"6a3a03f3c7afeb25ce61700d914a841a",2
"6a41171c962a6356e8ea95518821dd45",2
"6a56e8e6c20175d122a962a5e5dfcf5e",2
"6a583f4c6790a4c8330beb7612e17f42",2
"6a5b2a807a2aca962c4badc649cb40b2",2
"6a64e2cf94a5779760698c1e25a2852a",2
"6a7e7be8e652da4e4777866459f9b007",2
"6aa14366984bcc5f1ea760928283d451",2
"6aa2294d9975e319365a586ba919de73",2
"6abc999251612920bec93b3be616fa1d",2
"6b1b676621a55a12546f8eeeaa12d4a7",2
"6ba987d564bad1f9da8e14b9d3b71c8f",2
"6bb0bebc0758e1a834cb5bf96b6d8feb",2
"6bb7c9ac69dc13b436f413acec41a1b6",2
"6bbed249de21777c6f7d5074e6c469e9",2
"6bd33258105ef24dbf6d82bb7e3a06b2",2
"6be28ae15cd1e7b3f3f36ac483512822",2
"6bf558c1aae5004b6a410c3294c5e119",2
"6c005d6d2d21634f3eabb0720c780d75",2
"6c2f6983a60ac0dc8a9ee65579959538",2
"6c45a9350eb05fba53a297c2491a32c5",2
"6c5524784076044070d9fe6cf151912d",2
"6c70bee45f245a4ebeddb2ece21b567d",2
"6c722fdc0ca8a586dcfa980f2f1278eb",2
"6cad2595071b142d5f90563f43558cc9",2
"6caedf47165dd303190404ba0d47e802",2
"6cea4abf8f997010abe48d8b4ef9c5f2",2
"6cf5a61d865d979d060812cdb48ce484",2
"6d3d5771a12f5e7d00729f940bb28fd2",2
"6d443b75cff956bb73dce7385033e266",2
"6d74740d498504341df1e7f104daebf0",2
"6d97028799b1d0a91160e11d45cfeb7b",2
"6d983c87bdeb0ca15734c8bdaa79a2ea",2
"6dcf48fcc0c4d96dd7af8a0897ae9de8",2
"6ddbc64bd04d40f7768ff088d94cbeb8",2
"6e08abf5cfb67eeea9e48463da288788",2
"6e0d94e83bae00a64c12c9497158ee1c",2
"6e10d6571ddd6b7b58d61e4d5e7dde95",2
"6e14116d3471123fcf057c203fd7e801",2
"6e1512c1c3221bd24fa4848202727ab3",2
"6e1550b8966f327f29bc06b18972dbec",2
"6e26bbeaa107ec34112c64e1ee31c0f5",2
"6e2f539e9e0e323859a81079581db712",2
"6e620488162fe1129d32f26b751d770a",2
"6e64dc929d62442c813375d68c4e0c2e",2
"6e6fdec52c6dbf58721bf7a4eaf5b679",2
"6e968652933d10e7a77047574d87e54a",2
"6eb453dca2505def092eb261e3a3d8d0",2
"6ecae395621d20aca9711709fedacade",2
"6edeeed37ddd3dee7559f358b023ef9b",2
"6ee2f345f4f2fbd1cafb6447a6b37642",2
"6ef4101366e4340921398ba91fff1426",2
"6f1b9f60ea8ee748140353648c2d8d8f",2
"6f22857001b77949eb8110295fced3ff",2
"6f302f15a62c56b3100b67a81bfef328",2
"6f36e0165218ac7ae521d8e44739e703",2
"6f59eba24fd00a27069b57c896d8899a",2
"6f5c52ea47e32b73958b0ac0f3c34e88",2
"6f65f19c2dcfcab8b76b2fafb5b840e1",2
"6f8e7d40046694539c87b98cb5096a28",2
"6faa792efdf7c9c6eb7cfdf68aa5e581",2
"6fc92189a4d83f8f8eb046b050ce8687",2
"6fe09f77ec8e29ed4e619c6841f6479b",2
"6ff62b85b8dd35a3402d54618bdafec6",2
"7018a5e068b8fd0912fed2d02952df23",2
"704d4446bffad3f1d6b73a58426af36a",2
"70601471b692cc0879300373118041ff",2
"7063b55fee699193fd5e44253a7e4a98",2
"706cdc310c7f626d1d2bc95c396202e5",2
"70755e5b9df5988f592f3dec6279f1be",2
"70aa9ef908248a2ec9e03b77ce1ff357",2
"70ad91901ad4330af432978ff134fc6f",2
"70c976663a07ebfd35d81c6179258391",2
"70f0fca2435f0fa72fe85699630791fc",2
"70ffda7e4167ce87ac620ab2c572ac4f",2
"71048f40f553973d48d6fe35d01a3afb",2
"711066a7bba9951b1da0ce0f4302af23",2
"712c4abfd9b054e7872aad2021a4aee3",2
"718d5855edf637b8e2f213db87dab93d",2
"719b416ebeb9f51638f343c4cc19f742",2
"719b758d12e3c1f243c66bf47b488be1",2
"719f18245d86356b20dbfc6ebff6498d",2
"71a26c172a544ccc789674f1fab9d951",2
"71a92fd3087501bcfba6e6e1ef7e8fd7",2
"71b14aca95bfbedbc5746d2c0a92d8e2",2
"71b8dc9ce21a7ca5344bde166e117c9f",2
"71bd6ff3f70090f785e26643f22c6484",2
"71d2dbb6d2f52d568ca9d69c815a4331",2
"71d790b151c0349e5f5b2fbb4fbe1321",2
"71df425cb9aec3337bc969df451d663a",2
"71e1f051740a6d2fcdc204e989035526",2
"71f5d6c0cf885d0b2b52836a4c469bc3",2
"71f88e06eb78302859a034cd7d1877a1",2
"72061fff095d8325b311ea24e2f4a2b5",2
"723bb8aa118da56cd7644aa593d197f9",2
"72421b30e46c895e99e8560a48a33fb6",2
"7263bdaf8bd8ca9e023f521f8ae50970",2
"728a151b4593fb7ae0787158df28752a",2
"729089b44985b34915decf7117d8fc2c",2
"72e05cde2a8e5d8f08ca3ef3bcfadc63",2
"72e79d08a90aa4e10f7e5aa76e65b258",2
"72eb961337993c4c089cb9135b86de90",2
"730e4b7ede33b484516435d39ab4dc49",2
"7311b47a208b4f5af09ccc62fafea9e2",2
"7314e2017ab1883d59ccbc7318c4b3fc",2
"731a127666e5bc79810ebdc48eeff385",2
"731ea3afd190908a9cbed04f42aa51e2",2
"7330a3475a2c65878c2c9b95266bef04",2
"73601b1eec55943e90ce8d61253d5c09",2
"7370a0c1920f4a92e1f09463099e9b42",2
"73768eba15a0744371ca5521eb2e51f5",2
"7379b57a7a2b9aa2741a1c564138b99a",2
"7395a64f37a30f9827ca4d8292b484e8",2
"73a218a376e1c8e6a31799484fe514b8",2
"73daba56d88fe2ed55fd098a179646d0",2
"73de7b7b976fc6b75283b05f67fd6b5b",2
"73f97c6a5af65a71194cc2265ae82501",2
"73fa628b0fc190639f48da2667eb1381",2
"740b9a28b39035534bf3425b19016263",2
"743b6b21edcc4f0a9be82e591187e0a8",2
"7441ce776af8da3b9df3d3f3c1e13ab1",2
"744fb2d41ededa16d3f703b7065b234c",2
"7462a753a77ed093330660f7003064c7",2
"74b8021516f25eb91f5b4e704a2cd671",2
"74fe4e106702770ef728399ce5da503a",2
"752041fd42cbe3a4f4dea0d68a0a6edd",2
"754f0aa37a9a58685e42e70973bc511c",2
"7580e539c3d74ce5ff3946877db01dd2",2
"7599dea7f7520c8c37351721ad6870de",2
"75a2adfe9f86d401f24b5fe2eb9a582c",2
"75a398e43d9757a4f7d6f622aeb22c47",2
"75b45ab225bf88fdd7f432507030a4b8",2
"75bbb6b481a1df1689bb769e63ec3acb",2
"75c7cb4037146f5c8e95ade4214396c5",2
"75e750a6279d55f7137bb9e9bb8662cf",2
"75eacb17f5ef482c37c7b7903f014ece",2
"75fe145e64986de933b893642277d8a9",2
"75ff587e87e047a7e00f75bbcab17c00",2
"76c97e01b5a2a58b8456c4db49bd988b",2
"76c9a12722537319e44c31e70b7815c3",2
"76d1df67cfa34a2c4606537d54aea0f8",2
"76e5f3bca2b1f5c510c41563c2ea31a4",2
"76f7d40948174f5cde0fcf8e6147b59d",2
"76ffb5b3f1186c6c8022f6047ae9ead5",2
"77001b080dd723bc9a22e538e5e06e41",2
"770c6c524fc389b4cab878d19703745d",2
"771f344c1ac13d8ccdf2d14c48e2c6c3",2
"77479db0fa60ddc453f3743abc02be23",2
"77784ec016bfbcc51d2394d1632f0d3d",2
"7784447c90f683e4775f7c1f02c04fbf",2
"779f7ec7155dfd74a8425e40c4d34497",2
"77c213e10acbd145d50fcb035d0e86d9",2
"77e223f4a031fdeb1650e797bf4c692a",2
"7823a8988612aff9a03896c51e2c5f7b",2
"7828a4a1ee004bbe6665cbffbc4bf2d9",2
"786165c8823a3fd635edab35df391d27",2
"788313d21c3507fe890921f6e17aa679",2
"788a2f679187362222b67dfe89da6c1a",2
"78a038d19f31c40c5dd68c112ca00ad1",2
"78c5bae602d6d120f6f4ed4acbd46284",2
"78c5f76b60a3a2588635aadc70e34df7",2
"78d665ab97fb0bfd754a20a48476c4e7",2
"78d79858662c99b94b69547d9f80e061",2
"78dc91ac9a6fece2e327f74e96cac0b0",2
"78e63ed7c16b6a93bfdcef66ad250a00",2
"78fb70b5aa609b4b55c6ef3d0cb51faf",2
"78fcceb499ec9008fcecbaad21efefc6",2
"790ac688b0fcc22b2a0dacf0202b2ce4",2
"793c14202ef7966472e9246fd83b0ae8",2
"794307f7c4fd6c8325655fb3f7b89895",2
"79444cb5bb16964eea4c5abb2d3aa023",2
"796214f3f3b496b3b116986185984393",2
"7973a6ba9c81ecaeb3d628c33c7c7c48",2
"798c34ffa9047399853eab8ca7c0b9a0",2
"7993617f039446d209d529ac9cc03f1c",2
"79abd55efd139ad036a57558aea211e4",2
"79b9e9b310f3094c2cad708eb17508c2",2
"79c389f4fcc007dfbd1f317f29e85030",2
"79c3ef46b89f10777f5604a5e1ee22b5",2
"79f227df52caf2b68d36e990ff3fc652",2
"79fa3eb416c3933311c949121225649f",2
"79ff5d9ba6dc750760a809b0a84d3397",2
"7a114c4d600e1eb56f331eba875d38a6",2
"7a1751f98e25f665fc0130c7b001e18f",2
"7a176e5d88c7acb6000a055e008c055d",2
"7a1de9bde89aedca8c5fbad489c5571c",2
"7a350426024a624cef97f797c408db97",2
"7a380cb5434e6b6b5b37d45bb99dbe8a",2
"7a40da3af7a607c7275b9b8f71d730c7",2
"7a443ff6dbc48349835cb18a9355ea1b",2
"7a6b4947e01039432cac229435d058ee",2
"7a774055fedca2666e77244c5e50368f",2
"7ab8841bae70453e6b6fd543de86b90e",2
"7ac70e85ee5c115fca1147ee0f59616e",2
"7acf19ddc75a0935581845e1c89edb3c",2
"7ad04c71bfca958e6f2ec44bce34e2da",2
"7afc250f9d980ea3ee0ce3b0245f1b04",2
"7b05e0471103ce0ef346e87c357273fe",2
"7b08fc11e1aacd85ef2845c12a9ddb81",2
"7b0eaf68a16e4808e5388c67345033c9",2
"7b32049d8495d56c8b27eae575921a60",2
"7b51437497e9c9b82a08ddb62dfb7b88",2
"7b53ce3d0ba1f84b0ebcef52fffb110d",2
"7b662d846265cb0ed144db95fe0c74dc",2
"7b6d07dac0a2c373d749142e920ae356",2
"7bada66424f46ce9a766b94974849e09",2
"7bf1c59401206e31a78523077f3a1144",2
"7bf5c9596fc39d41078cb46a86b23831",2
"7bff4fff725edd40fde6f0ac1eb0e2dc",2
"7c1cfb3c097e0f1caa90bb17675a63e5",2
"7c353714ed8789f928faaa4191e85197",2
"7c396fd4830fd04220f754e42b4e5bff",2
"7c438259d88d8eefb977be5432d761c1",2
"7c4b40bb2b820e20b226a5a615e357aa",2
"7c5198d8a67f7da5930f067766cb468f",2
"7c588c097689b0b77fd73d171332b0ba",2
"7c5cd64106c9160122fd28b026cec28b",2
"7c67f115342d01560cd438fad6346a3c",2
"7c763d069eb3926fc65593030d5c99a3",2
"7c8f8d3ff715607148146c64ecb64b11",2
"7c927c2454a57a0e02fcaceb99750523",2
"7cb20dd79b4b5bfda52b712000a30de5",2
"7cb9a6b438fe0a5f228bfd32ff9e1a11",2
"7cbf84875196ee1d04dc880ebbfaa7ef",2
"7cc23ec3506e4e1e67d0702da04a734c",2
"7ce7c20ac269f4642f1c7058ab375102",2
"7cf08f01ab6a6a1365e1613989a65158",2
"7d08a8005756c215935d45bcc0e9a760",2
"7d0983269f825d3112e5a64364b1258a",2
"7d0b1773dc928e29e86a230ca9557d08",2
"7d19f93ed7e2ea8211975b68525b0598",2
"7d23ca9b9d5f41298ec3ccbb2ff637d8",2
"7d2e246c38946e89eda0c9c1288fc0e3",2
"7d35f5764e668c9deade51c2fd31758a",2
"7d87ba0bd6466390cf5d4c9735236086",2
"7d904a4755e206a3e308a1f03d4a3a7c",2
"7da3054afe371affc14d26cc2cc04358",2
"7db92cbb797de39eebe3bc986be820f8",2
"7e050832e2248c400621f6b22315d4bb",2
"7e094f060802ff5e25bef767446968d3",2
"7e222c2054b16d50c5c2e746d14dc313",2
"7e30d2336a1f1182766cf6fb863d5554",2
"7e43696e1ae594af82dd11f481dc232e",2
"7e4bebe20140a71b34263a659ba1ce11",2
"7e7301841ddb4064c2f3a31e4c154932",2
"7e75aeef30d7e9d4ac860fcc8eaa8812",2
"7e82fd8a6c26147a8797d761fa68c497",2
"7e91ec540af718ab375b1d13271e9543",2
"7ea3dc64a652d699ace3048e904c561b",2
"7ebb3bb52aff91c642c9e4d81d4cbc95",2
"7ec0077665fe9020e7dfdb05b2be0162",2
"7ed57df0e6ae22a4f9e0250d52608ad5",2
"7ee9e6c80bf1b7ec4a52639eab6c128c",2
"7eeb6421712844795dd8ff9ec6a58b18",2
"7f3e8656011a9b8d6c12df5991ca69ff",2
"7f4adf7903f4d02c527585c4d0f65c2e",2
"7f5dcde4d292354dd5e6968a27971126",2
"7f78ef49a3ec6ff5ca63eb05bf82fefc",2
"7fb211f99a01b4971fd1e07e3a256458",2
"8004f80e361a5ee23aadb7418a685fc2",2
"801512ead4c9cbc98ecd208f45c975ec",2
"801b53359d2880a9bff63574103fb74c",2
"80282a1a77281692a0339c2a08d0e6af",2
"803b4fc75d3fe8c5dbed83f50b3fbd8c",2
"805e5a317f4b3e1afccb9dfd71287a36",2
"805f4b6e9ce80113e9e5cfbefa9577e3",2
"80636347f037db2d8e3cbe3b7a34c120",2
"809ea1c56f165109936fe5c51003fbfb",2
"80e00a7b9ead7590bf05116f0237c896",2
"81098a634d4eab46ab9fbd0df37e52bd",2
"8149101234b839e311a6f8c525206632",2
"815a99cb9852a1011da9bb7f2070b93e",2
"816092f5825c3e2cdfdd4af546d4d04c",2
"8170c6e6d010d22195bcd959f5de1ea5",2
"81865792a5df52436b4e759b4ba21412",2
"818a54422350b38d3fb1cb3a1553889f",2
"8194a6cea93c5c653e7956f0b962b5f7",2
"819c65629034acc8a0e1c096c2c6715d",2
"81b133c3f4e30a14a6585a2f20ff150f",2
"81db097ffce4bd958cfffeca7c41e301",2
"81ede855f58f99b76014d66d161e7a23",2
"820e78bf5449cb1bafbc56095ceb77a7",2
"821e4e781313d2eb18711efe7a50d66a",2
"822d25972056ef51050804f1e0446f40",2
"8241424764e0bfa6bfcb3c6cda391ac8",2
"82532fe90a30190fdc4622143d41dc15",2
"827b19392982299876c0aca1f92208c2",2
"827f51bdaa8e37bf31ff413e0a7699a4",2
"82809cee3c35eb89b4dd4d2d1a22eedf",2
"82c173abf4679049bd8628bfe89a9f2c",2
"82cb8c783b1700af07ae77355cc81c70",2
"82fb46292a999e7db9e2391c407f76e4",2
"8322ac348d132588470c5e8cc56b2bb8",2
"8329519e31cb1b89bd44c3c6ae417ad6",2
"83424549593093baf504ac260d4615e7",2
"83476105a4e9a12fcddd09081dc6cefe",2
"83915016a26b0ca42e3caf1070664d1f",2
"83935d750c83951d7d0211a3c60e78fd",2
"839a04051a2c347397fd425d01fc3eb2",2
"84514f009b40220330a5e42b102437bd",2
"846e4612bebdefeb3a65aa63fee59e3a",2
"84720447172b234e7504da52ee639435",2
"8492c2c6148ac3449374058371dc78c6",2
"84ad62f33ddb6b13553a850fd3dc2b08",2
"84af029e54a6f659f7ace6f7cf0daa68",2
"84f30d2fd3937449dc7e0c835c281961",2
"84fa4ef93ec67a77a0329933dbf190cf",2
"8505734f21396405b5477c75a45734fe",2
"850a172dd946b18ddca4a71627fe32e1",2
"85189d642c11e7090cb2f72fed68ea42",2
"851eefea71a07755f017e75fae31f2fd",2
"853254c35b5ee150b4da2b3698d73f9e",2
"8555a17ba20435f173a230c3ced133fd",2
"857104e1bfb81cb14e88ff07d1b22c70",2
"85730e226e2f3a1608433546133793e1",2
"8597b390850fe72e108d53f42ca64846",2
"85b33fdcff5e20584ac9ec8e3c559ea3",2
"85d5b68b9a95c88eec23d3a96287d9c8",2
"85ed7212fe192ab02ab44c95ba87868e",2
"85f1c5f9eee209d9dfb0a3e155209511",2
"860f75391be5698f015d3b234e7576d6",2
"8614ac51282d77ed22393201f26ca405",2
"861e2a5848de1a3e8fa544236a8369f9",2
"862b2c6ccf4352c087cd60cdac498b48",2
"862bcdd9344546914b93a16397a78791",2
"869be6f00b4c49e72f9a1e2033baa9f0",2
"86a78c9e5114f4ed30887d4fd8153d9e",2
"86b0aa3acd7e8f7427c8915780f5cd27",2
"86b3fe2ecd895fa35d303e2a49b3130b",2
"86b59358310b208f822e416e59c96672",2
"86bfc49565a9ca52fcbf861fcc1e67a4",2
"87315ceb47e77d03a1c90474e228db6c",2
"873e4275daabf5ab6eff5331277244a4",2
"8746f1ba2e19bcf8bc03a946a0923d78",2
"874fc5237d72429de2ac99ce7d897a07",2
"87603dde65ee7120467ddda1a883bb24",2
"876a8881e182fb3a64af97b737cfe889",2
"876c5f7ffcad19a82c0da218ecf56ba3",2
"878d1683076172a5b7ffc7126ba99acd",2
"87914dda99d76004bfd05778028fa7e8",2
"879ee1f90476a2fad74aec4f9c9961b3",2
"87a7c3090f96d9da963125a0d7f8193a",2
"87ae4c644c15d9c6b6f826dfec33b340",2
"87b3f231705783eb2217e25851c0a45d",2
"87c907fa30dd1bd3709c84b912b50c7f",2
"87c9e7ba960e4c2e6bd786b162adc639",2
"87cbc22f48d2542614a44cd025238a35",2
"88055311adcee315a7c05930e3849363",2
"8816ea7c1592bcab312eae9352996067",2
"88388502f20df20b31ccd1a4aca9e898",2
"8897ea56bce6fe37a39cb2ec40898102",2
"88a8f123107a063acbdd1c90f3d8adea",2
"88c11a241bcbd239da19623bb23891a9",2
"88ecb91d6d5e47ebdc2129cd046b0935",2
"88f21f18f1c3152b023a22a0f42bdab3",2
"88fcb680dc8cd2e540010c0750b78242",2
"8901b2526349d372dd0bdf8d77af656d",2
"8959d4251989df68934d67c1d32c5718",2
"89672d977dd21afa429505c66a1abc17",2
"897ecc46977d723a6e514f3ebe92c844",2
"89be58cbdd6ef318e3ed93fdb22be178",2
"89e3027de49c3012858cfeb7f5a34f59",2
"8a02975938d279e8478b5f793b0290b7",2
"8a1e8b556fd5feb59a63729b5341e71a",2
"8a3bb3e78e9a0ffbf3e47f8fb749b4cb",2
"8a3e2983c35b5d2fb78686794986f7da",2
"8ac0c45f8e89a3d25738b3700ee9e132",2
"8ae601304ff0d1de9280c32bd2e26e3b",2
"8b160faff469868625c7c82cbd310636",2
"8b1aed2dad15fcad8eb2a5c555e2d26e",2
"8b433c0e7b7d2a1f1148b4277cc673f8",2
"8b4447c69feb2b408e29edc0fe9d0253",2
"8b4bb71a7d37d4c2560e0f0409a58905",2
"8b4dbc06f4caccae42ee7da8edd22f77",2
"8b51f29aa215ec74a25baf5bd24ed90c",2
"8b648bdd88380c34e18d3ca8ba9055a2",2
"8ba03ea7a871bdaebd65e7a4ced27c2d",2
"8bab3162259edfaadd1ea2e1fe7f58dc",2
"8bb910cd8c3b29e4acf2e94e3aaffbbf",2
"8bc3068714502a076cdc66f2a207bb20",2
"8bc85b1061383d0dcd4e995a726da763",2
"8c532c86e424b28e85997dd891e26d5d",2
"8c8bc67c372d5c409fbf1a340205ddca",2
"8ca8b8dc60280d1f97c1c6817655ab63",2
"8cb0a62e8c536632e7c0a985166a089b",2
"8ccb4bbbcf37ed4f584d184a7ceab65d",2
"8cda74bcb48b709a90e5441e19b1d759",2
"8cfc5350efe3bce6a0d6f96fbaf2c3b4",2
"8d187f36fa18c60c2ac49e7a966d8ff7",2
"8d26c82c2086dcacc175e2ffe6ee2f28",2
"8d6512fa0e1c5cdbd789b956de79fe2f",2
"8da4f8884cb807a1a95dce688436b0ba",2
"8dbbf39064a6aa2a21f97ff0422e5acd",2
"8dc4412f2ddf5ffee6cf50e6278b37fd",2
"8dcf2096a68ce8212a3f534ab31ee23e",2
"8dfbc9064378d19ac99a21ac353072d7",2
"8e0275b5c7fb6f05e312a1079a674410",2
"8e2055281d566229b5926cb77be54f81",2
"8e2c92b2442298bd653b0e9aadf4c313",2
"8e31f8c64b847de447636be1ced917f2",2
"8e49d21f0335c3013583f2b3f99f8e25",2
"8e714421b31bf0865e55be929d99384c",2
"8e78f2e8305481c8b0f285670de4829b",2
"8e84222ad36cb6ab528b745ae6e18d11",2
"8ea95e0fc3da49749b66835754e2062e",2
"8ec31beb5c890497f1872b5986d3cc26",2
"8ec9e01dc8cbd31897a2f2116c5fbae4",2
"8ef9add628931053f28350c0ad4bc7f7",2
"8efdcd51f527f5aec0875573fd2210b3",2
"8f1794300ad248a55eae07168219ca15",2
"8f24365a46f82ddd0cef7893319a40d5",2
"8f3dca4306d5a89e4ae2c65c110603a2",2
"8f42e9cb526d4a8ea42877dac8c86453",2
"8f4968221af78d6f248322ad465279fc",2
"8f567321ba12101dedc07c70b7021069",2
"8f710f0d7e8dab5c8c1135e63b44de7a",2
"8f891a5f40cb72bf5fabda4997b4a625",2
"8f9c0dc510c12654a35d2add7a6c5d34",2
"8f9f1a0464f6ab0e25650be9849b086d",2
"8fac120637b2d22be0d6b83111d7c352",2
"8fdb30046559b506b2ea1588cdfded0d",2
"8fe4f9a0d6a47babbd498127a9109bd1",2
"8fe6fc853d687dac18df5b163f84d438",2
"9066d003674f53303ec2ac527e940a5d",2
"906a8a4ec9f3d4c3e64fa6d1c4fe6009",2
"9099c659f8cd764e87a1482d258fcec9",2
"90c205b0bed658a20ba141d2960d6811",2
"90e1f0d98aa33c74e43fb62004a829dd",2
"90e28a883386c71de943515d91f72a39",2
"910240400459e4edf250cddd2588bfd2",2
"910ef561b28c67973b74ce21e0d252ea",2
"911be3f21248d465d1e6d9993bca60a8",2
"91352e06066eef42b60b24049ccde4fd",2
"913e4a0664572d0652473b98b808e7b5",2
"9146de9c43fa373c4ce8af26c8db8336",2
"91544d22848a922381b73b5e21ad58ff",2
"91687e2315fd578c976f37533a7d597a",2
"9177736727dc747f69fceccc193c125a",2
"917de9fb824d070a7f1f4db097cbea8d",2
"9194f9aedc33b4f984bcdcc7da7461f4",2
"919bf2617845a0f73acc0361cba58267",2
"91b4cc37bd28118ddabe8e7692c78f2e",2
"91c0ed5fde94a56b99e4ce6d43d0d6be",2
"91def939002d33dcbf6a038b5c879f7b",2
"91e59b92e87f627abdab279ea3ab0c87",2
"91fb82fe3e8b269f82616f53f2a4a690",2
"91ffaf5eb7f4bd6a48b07f3546fb7a99",2
"9202421110f6a19ddcf0b9b93602a0a1",2
"92046e40af14f7f88398c748bb559cfe",2
"925751a747a151a7fa97f2f686d028c3",2
"9263a6fc47a37b8b71cecfeb1defda4a",2
"927c1b4bd2d326409fd16eeedaa9ea30",2
"927f5d7e01917bb3b8aeb3260ca42663",2
"928616c185852cc998407c716a6f69bc",2
"929b8bad532f969fc414b7831ff3360d",2
"929f67fce8f269879084f50385a16354",2
"92b0705c6923fe44dd71b2b737687a7c",2
"92fc4892f11581ee802e8e2fa4296433",2
"930ff10207a0155e4d569dc1b66714c2",2
"931a4a1a3e2cf8b4b4d33922f1469dbe",2
"93427465b223bc8292b51bb86077b695",2
"934e91b0e98dbbeb3649cb1091cca051",2
"93541741ba99116c5cf5773312eff953",2
"935e66642fcb2baa8c1782a29570d905",2
"93603747aa73507db172820142fb3b81",2
"93805ba8be262fe253c4284751762866",2
"93dabd0fb48bfbc6e14aca0432ed0717",2
"93eac6e21b2113a6da9ab2aaec1eefba",2
"93eeb8745a219d35b7e32d796528b681",2
"9403bc2d1bc24edda854c1c389c14da1",2
"941254873ba3ece63e297277436e4c36",2
"941590fb8aef66b3a8352fe7c691879e",2
"941c336ba35bc4cbd3c5bda62cfaa767",2
"94374f520fa9fe75d477ecf113cae041",2
"944779ed5e0464b49fbb2108382b0ddf",2
"9448bf54ca4a047cb99b0dee1a9bfa25",2
"94522b20d09262256d0ef263adf3ff78",2
"9475b70c3d9add279a65672fca348944",2
"947c249c7f31f3eae2bd05454e1b2040",2
"947e93a9bb28256adebe49f78cff07ad",2
"9496fe4967f2117feed223238c7bcc39",2
"94ab38525c16d9d5ce977b3fe3405ab8",2
"94aea9aae532453c72b6afbfe0eaec10",2
"94b27f5cb0276a9d149375e24de840d2",2
"94cac7a901fa7a145722dfd0a147b050",2
"94e5ea5a8c1bf546db2739673060c43f",2
"951008c1c9df3fe4fead603a9afdcb3b",2
"95160caf14611a705759de6bf13555b6",2
"952bdd2866ddfc528203799b6b7a24e1",2
"954456f376f79dfa36460750500f7dc6",2
"9565b6eb599caea334238cf517c2408b",2
"956eadf2280a25c360ccfc7b42b21313",2
"95828271d6bee6d5eedcd00e639d67a6",2
"95a3ac562ffc17755618fb67ce57ef9a",2
"95c673245afd9e175e46590ea80fd159",2
"95cfb39a7e263160308a934e42cfc4e0",2
"95d47153b9bc4d0fe3b9c714c4b19c3b",2
"95ec7fc6a1605502060075958c3f9852",2
"95fc0e6f6939f521e44a588ff18eacb9",2
"960118b2d734220509690e16787f955e",2
"9620e26af0dfec5a16a52cd2afa81717",2
"9627e55290c60f562fa06f399ec6b82f",2
"962c6b5225cdd53c41509bc38d3a8217",2
"96701d73665eab8fc6fecb9863266efe",2
"967eb85deeab5124df2165cdada917f3",2
"967ee07cb69460a7e1d42c7747142572",2
"968fe295f3c0ecbab2f617917cc4c46f",2
"969e62a47aec03c735127e6f11ad6564",2
"96d3a3257161c32fe93aea0e38b16515",2
"970e5961383615662043afa2d9c68802",2
"971e2252d557c5f6b2de810f6fcd52eb",2
"97258e1c1f77f32358eccd1c9ee5954d",2
"9735b1a02ad4d2b3747e9a74cad789a1",2
"973f2fba63a7eb540f8860b0c75b63cb",2
"974148f722b785f187ae13ec0040abcf",2
"976a39626eb2337ee3258d4ad73f1543",2
"9775c540f0a4db487f546de3cdc5eccd",2
"97981245c3257ea9b14befffd560177b",2
"97c0d90b4d37062c75b5f836ce3ab957",2
"97e5501feb2532ef0e124d2dc4e86537",2
"97f0fce3f9d7aad1b12499a4e4b10d07",2
"982f532d3e8e8177c57361a39d1b1492",2
"98341ec53bd2130c32390570d0929da9",2
"983994b46a18dce5db8648ebf95754af",2
"984503860d8d8dea530666eec07de95c",2
"9846c216ee14a40400f4aae954eaeb59",2
"98758d88bf4b8eef1372ddee45d63178",2
"987fadd385777d8f27edac709bc9fb61",2
"98883b9e1d9d9c46c298c69146db811a",2
"9895459a777c96d1f180c344fc5fdefe",2
"989aabc133cd6097fb2fc9c4a919af4b",2
"989ff17eed965d5e5949b4d9a6f6af67",2
"98a8081d6f922b47f0b48d0b10665047",2
"98b69c34f0422d2e025280b55531166e",2
"98cf2f6f61000afafb2c1a276f5c21ba",2
"98d2fc070f4afbd02c5788eacc6949c5",2
"98d9a0f7e940e0750fbf72f9aaab1210",2
"9910e92c18776a14048773cef6592b91",2
"9935b7e2683de890a208026f020e54d3",2
"995facb032e4446a511762f5f842eb11",2
"995fe9426f030109b1614044edaf46d9",2
"996fdddf8cd5bbb99b221fcaf5ba1359",2
"999bf1d2709dc80fcf55a92805ecc34f",2
"99b026061fefe9ff09cdd0e745a9233e",2
"99b8ee09d642ffedf091951a7235faa0",2
"99bf2e03eb1ef8f29fd57ad10fd75e48",2
"99d1962d736052c7b8793ba94126c377",2
"99d697dd68fad729283560abe0adae43",2
"99da196553d9b67b1c762a712a8caaf6",2
"99e2f46c9fe0bba48bd131ddac456549",2
"9a2344afe2d1a43559906bd456567a9b",2
"9a30b2294f18ddcee9918dd3f3554407",2
"9a57feadf40027e677c373d70108d57f",2
"9a6a921e2fdd2e6ba9c4fbdf24381248",2
"9a736b248f67d166d2fbb006bcb877c3",2
"9aaa6812e0daefa1f7edd5f772297d2e",2
"9ab7e264a4fe8551657555d5bbdc6258",2
"9ab9e6724cc65e59593099f18081fd35",2
"9abba9caa203cd4344b8c918d6ade26e",2
"9ae2dda41ec3dae4c5c780e251223272",2
"9af2c271654a36a48beefe342ba6208a",2
"9afb61455d41afffa3ea550d1cfd832c",2
"9b22d6fe1f74d6e1aefec789415ec847",2
"9b352d0736779ff0e21fcbd59a7141b3",2
"9b475216704f39cb18ce448648b995e1",2
"9b76c588a7a8d495bce4f71d2559d3ee",2
"9b7fcde05dd369caf4dea1f04ed39fcc",2
"9b7fcfa05fb6f8b88fea3d74a6ba77d6",2
"9b8180cd4fe75a8acd576d0408ff8bf4",2
"9bb5ee90bbf9e5dec4a866a9d1117328",2
"9bc158770d28e135f48b0c3fb2c21d27",2
"9bff551dd73fdb455a7c2ceb6bed2d39",2
"9bff67cbd491a775eb1e262b778da4e6",2
"9bff77a776574edf41418ddd01bcbb4e",2
"9c18cd0ba86443dce5c2e5157cbd2eff",2
"9c2014c8ebe041a98e9603375cd7bb6b",2
"9c3a23565ded3e71fc8979579e8f091c",2
"9c3af16efacb7aa06aa3bc674556c5d6",2
"9c4220872289f4e0239410f49e02e189",2
"9c540c186d344c460d85726b531b287b",2
"9c760a39c48113c1450dd5b65958d7fa",2
"9c9372efb0eaba42664210e312fe38c4",2
"9ca25c67e315e2a59b00eca2d4797734",2
"9cc73b2f1f13d58e4e11389fde3e2402",2
"9ccfff93c79f3dd996cce15f26480c5b",2
"9d1773d6d4fb3faaf3173924d181952a",2
"9d2b062dc07734a1d7053478a7e83280",2
"9d42d5ee226121b6dc867197ce0529cc",2
"9d4dad0a5382a8d234d0ad979dc594f2",2
"9d62781deeb1060adc0f47a86d4a2ef3",2
"9d8130e675ce6c1f24cd519444f7642b",2
"9dc44558922ff57d14d99f20d37f440f",2
"9e174aadbc877e3c42ca03babfd157f8",2
"9e4accf95024aa6565ca1efcadb96752",2
"9e527c9bc89a4228e5d8e136712ec63e",2
"9eaed62db4e25ad2ac2fcdec58a8e6cc",2
"9eaee1fe94e2155bde44087d299c0b9d",2
"9eb77967122094a4eea4084933b47a1e",2
"9eb7d30b5661dd9e5e2333954d84e02a",2
"9f10a450cddebea0e7cd86f67c894d1c",2
"9f3495fec7de50e7f0e31d3f1ed3c526",2
"9f37b1215df84eae065524290b66cba6",2
"9f5e91d56f3c3c192a0ee7fa88de7113",2
"9f67aa18a87ea9a76854deeb9385c011",2
"9f6a13c93d886acbefe16ad39bbfb85c",2
"9fa0a504d42412f2bc9878d90541121d",2
"9fbc6085aef8a6c39c5c177e7634c4e4",2
"9fdf694ddd72ea586dc72ceb7a0d2d91",2
"9fe8cb705d35cf54025160f9f01b7cc4",2
"9ff6787921b9aecefdb9c8212ebd8679",2
"a00a13ac36037d575bb016caf8f50d53",2
"a017de101a9c4fab4995c1bc81e737ea",2
"a06f383add4d40457f1909b67ce6b7fb",2
"a0b4713c96aeb3aff3b23412e63d5f75",2
"a0d44d593fe455c0ec7ed8f4715190cb",2
"a0d58c3abf0bc947e39f72976db72428",2
"a0e0770d529c5da6dd71d5be8620aa3b",2
"a0ef77ac3d3662b055dc12b045da37ed",2
"a0f0a2082b269a9715ba874c94b592f3",2
"a1044dd75b74fbc485b040575a14acf0",2
"a10fe3c477989c968aa284bd448b1d5b",2
"a124666e823bbd5fb77a72afc8c1360c",2
"a128eb4a87a5195a3a5dfbdc3426c834",2
"a147b35c04951884b4bbd65a0085cf88",2
"a176838867d89ed62981cdf02b7ca3e1",2
"a1a374f4c131638dc698c76bebd11769",2
"a1bb96820529725c3c79a77c69e7e792",2
"a1c1665f040ebd05f327c8e9dc1cdf4f",2
"a1c61f8566347ec44ea37d22854634a1",2
"a1f6aec75e41168caba548372f245c68",2
"a2027a1c6f9e04a875c44ea09061d3f2",2
"a2370b590b2453d5a748d4c4c35f900b",2
"a24587c47d40ff560266576b543d16d8",2
"a253d10c681ebc4ee987907d2fd156ce",2
"a262442e3ab89611b44877c7aaf77468",2
"a26fff917d367b218a794da1eecba3fc",2
"a278e5ab3d212b2c8285bdfa911b25a7",2
"a2b7188b91416738f3f713f6e107f276",2
"a2c15de05ef380b5a7eaf915898926db",2
"a2d2201f14b81eb836de9fef6d305311",2
"a2d8125361b16f316df65f4603b88e23",2
"a2eb3545fdbc2c6687e8d66c78c206d6",2
"a2ee01609cebac76651bfc4814f5500e",2
"a30af9d68fbfcafb8451854c528587f5",2
"a31ef19138e1e8ddad1c8c30612a044d",2
"a327e19095ffb086d25f7ee477c9d3c6",2
"a32fd99e791dbe323486039bce9ac35e",2
"a35e6ad969a4298593c504f69c03efb4",2
"a366793a4999f8cc135855c4dd347421",2
"a368079a0bebc82daf9ee12fd8a6ccd1",2
"a38b86dce31f7c014a0c958b548f6a64",2
"a3ad86e859f1d0466bc1beb77fdf218c",2
"a3c22bbd3ae5d6200ac82078b67eec2a",2
"a3cff19572a9d98802efdd6603792ce9",2
"a4030b5e97ffc14114e66d82df860f6f",2
"a43931660f8bbcc1c64db8ddf4b10dff",2
"a44636f3316d0114566918bd02ef58bd",2
"a44b31b99d33ba6c128b857d28842ea8",2
"a484d6a80277ccf24d9980cf34c47546",2
"a48616b0798c3f1d5cae097c18180be8",2
"a4e456eca4b667dc31e1881a4b56b319",2
"a4e71a98a7a1490fff07e7a65cf06be2",2
"a4e8a2fb3d4d783c8eec5bf1ea80d3c6",2
"a518c60e2e7f3a2820b4ef5cf5107189",2
"a53b3da0cf3e158e78cad26c27a06d19",2
"a53c5bbb7be8b7a0f586d31c2bc499ef",2
"a54a1749bd03dfe0d3642b7fbd888b47",2
"a54de86aa4370cc93031bb4e99d436b0",2
"a55e19719dab7efad8d5b7b0bedf5326",2
"a56df37f1251ec47d5ad53dab3043f38",2
"a5afb1cd8d3b8126d2d39a7a29880c09",2
"a5bdd83dc32225fadcedd741693cede2",2
"a5c62e7e896b7e6ed95d39714f51304a",2
"a5c806ebe5b25d0ab1e7f0da0e17d6bc",2
"a5c93e7b12545f61cbf92efa2d77f1f3",2
"a5c9660af607788526f45b6774ac2594",2
"a5d3bfee5b23b430b95c4ae295e1028a",2
"a61a0484f0c42f81f6299b8d89123823",2
"a660768f87f5460dead886e622dd5741",2
"a69d31a5f6011df99d415808d6d640b9",2
"a6e56ce065f297714559452de03a2ca6",2
"a6ea57f856565adf869941339028fa05",2
"a74c55db1520986fe4c117a54a0fc287",2
"a74cca5b53aa3fb9a6841f847033dcc1",2
"a74e3f2f887f14862e34c61ed0e4c5d0",2
"a783997c6d6e57782d4d2dcbc5c9edaf",2
"a78c7a68877d33bacf81b01bc4a4d2f2",2
"a7986e0208cca640dd67c245525231b2",2
"a79f018f214e99a7551fd6efea6e2c4d",2
"a7a6d8b62390ec8014d5a46ee36644c4",2
"a7bbfaf8a288c45dc38d4693535dd63f",2
"a7d9a3e447614288937ad2bba991676c",2
"a7f45c1961dbd98e7a14f3d38ea11c06",2
"a7f8b23aaf522616c6c7daa2a3753247",2
"a8060584a077038962852f3184a4571e",2
"a80a048ab08d27168131328d4e2fde1c",2
"a80bfbd1e59358c3afb4b2980455f171",2
"a82d9e16794b2921f600796767322a9f",2
"a8333c0243253bb6d89193af79807384",2
"a865a3f8b39809ab1ba53cd0e8122999",2
"a8cb771f0d1d230407948d4ce2af5c3e",2
"a8d344109edd5d56bed40ebbc3119129",2
"a8df4001abe77cf8473902c2b7efe418",2
"a900ff99a192cbaf6ae8e867a95117a3",2
"a914b2be4782207abc6758095ec9e8aa",2
"a944a93bfa1d65b1523c45f9ccb01ec0",2
"a97d43b24d76819903192611aca17914",2
"a982bd0fec12d781fecd9f1e17cb81bf",2
"a999e4bbad221a030b57ef4a2bfa1c39",2
"a9e4348b76f85861ada324e72dc92aca",2
"aa2630ebac79aa0c7749370b705121bc",2
"aa3bf249b773d47a88cd191c16152086",2
"aa3d117e569361959283b1e267bb785d",2
"aa591348866497ba6bf83de62e4f8813",2
"aa819ffd42a7a52ddfaee53f024fafdd",2
"aa89a987e1e092c318fbdc4b0e3dcc44",2
"aaad6d68de5490cba508e4203ddc87de",2
"aab0cf2b7b1d9c3fd242397d73ed044b",2
"aaf00c4cf40ae5b125c7f169dcce2fa3",2
"aaf97f99c731d8d84810ff16e6ded10d",2
"ab0f956f72812ae4636be4e15b58031e",2
"ab0faabf48c8c0108c13277d2b701f16",2
"ab2833d17fa6bccadb045eaf458e7e5e",2
"ab58f2fb5f71caac6366303095c0cd41",2
"ab63cccdc1367499b533e102cc9631d5",2
"ab6ec178286e6a6d70e9bfe90378bd95",2
"abc9e5b32caf6ec0c8fa356117b66d66",2
"ac2606825161d003acfbe4f43af273b1",2
"ac3dcee918e6c96eb2ab467158143697",2
"ac64c33e439eba6713e1743e070ef50e",2
"ac95cdab584cac0e86ce97a5399ecf79",2
"acc374bd9024806a83121b1d2565db2f",2
"acc4424c209233de519e034152f30304",2
"accd68fd87adda3d6360d77daafd964d",2
"acd7af4da419afee85373166387d5799",2
"acea13a79aeaf715ba68122e9deb330a",2
"acf91aaa6f337456d3c506a5a494552c",2
"ad0ab3a7b55bde26410aff17192f6699",2
"ad155bc0931cb6bab63d4ff2515c3159",2
"ad42aaf1833e2a64136a9d9f823d77ab",2
"ad6347b3d1ee0be630742d96abcbd9bb",2
"ad7072317d373de9bdc9b4ed5b6c5a85",2
"ad7fda75731aed4991eb80d939db8115",2
"ad97668eed5826a5d800b15351bea269",2
"ada6236b6bba2b0c3588aea846e43afb",2
"addc1082e059523e5ef2e7486d1d8905",2
"ade4eefdf0232fa26f1988cb56edc58c",2
"ae0ef1d2e3a62b54a83dadad4db14f5d",2
"ae11ab40faeb1f8b85f6308e052bd710",2
"ae207cf8119fd10e3b9ac24570089fad",2
"ae3e48f07b8242fa45f29dca1ce36a08",2
"ae4395be33e633d0c87010d59847e5ed",2
"ae44510fbe1ff7826298182f9f21aee9",2
"ae52fa61f27bd494a25bc4c101fa29d0",2
"ae53a87a257f8e54795af6ff434e443b",2
"ae72fc322c436d955bae749b31ef4b97",2
"ae7b79796d47ab59f417a154efcdbb77",2
"ae8482b27b2119e2c3278f5ddf9c1024",2
"ae899cddd0d9a9ae7f10099595241089",2
"aebc1c715aad58419ecb2d919f449127",2
"aebdb8f05f5ebf99f858c1a75fb7035a",2
"aecd46028eea6a741edca67e93b326bb",2
"aef5b3dd086be507c3dd70e07aa6bb94",2
"af0450a3075f107a38cd7daadc98f990",2
"af0f26435fade1ca984d9affda307199",2
"af4fa1cf57ef7ad8c28fdb80f86258d0",2
"af51e8dd1c30737ba2dd0ece8cfa294d",2
"af70cd6337ae27de089c616dad39bea0",2
"af842a6ed9f77511c9bf46922a29ecb5",2
"afc79cb8de7d350f1909eb6dcd0cb8dc",2
"afd7854781ccdc3222b69421f9c7c6ee",2
"afed5a21e94b4e3e5fbe6c7e4bc92f4c",2
"aff7f8b5669fbc5d6f6097ce45e63b19",2
"b021c4914aaf3c673e92473fb1e61010",2
"b03155da610163a1626f1b99d4787774",2
"b045295488236fa73d8d9c37dc4b03e7",2
"b0468c2f2573d7b6bc5bc33479785e2a",2
"b04b3653ac441004b247e96ac0829d0c",2
"b079e8a1977edd900b4522be9dec0245",2
"b088bc1ec6539752bf408ac1d9c694da",2
"b08b68bac767c3269e827f822d308182",2
"b09f1bff1aff13c997af071602bc048b",2
"b0ac5b393b78a6e8185fd3acb154748d",2
"b0b057559c54c99e41a21c40c08f7780",2
"b0bc6de4a99007470bbdbbf5cc502ea9",2
"b0c5e02d315f15318e37d7aab7ebb289",2
"b0f47d39f0e55621071ec1e93ca6b74d",2
"b10ad793f6d2cc31b08a3b8366f3d251",2
"b1153ed93605e954b8710b36c8c5f5e8",2
"b1449986ee6516d3797d782b01c36e80",2
"b14ef688a7c1a52e7437298085d9d62b",2
"b157d45094580a4a5a90af5331351c13",2
"b17ed96ffdf66518b4cf65e328298e7b",2
"b18c8cbd9616a95055ef4146f3f805e1",2
"b197f4af65829575f2f333bd0e9fd204",2
"b1a82c8d03f1811eb03d6cb6555ea68e",2
"b1a8a0800eac99ec4d83d6ca350a690e",2
"b1addddee0c4b35550114227d2328cc4",2
"b1c936c1a71a46cf4b840a9851486d86",2
"b20c6505279f1beb9c862000c094ebc7",2
"b222983612ccf9940049ebca9c555130",2
"b248c92ec54199bedb1d603e0e6f98c6",2
"b25a21b56a2d74da49e04cadbc9e0dd8",2
"b2664990a1ac9e250d98ff5c615c3276",2
"b26fa76ddf33e534491e4ec46f51bc64",2
"b29bd5c2f25523fa4754d058fd513707",2
"b2a35fdfe13998540dc5fdda95e35ceb",2
"b2c913a0723c7737e11067861e061913",2
"b316e256ce45161d3ab81f74834376e8",2
"b3806e7118d02476c96b3dd8578dd07f",2
"b3a34bbf1a1d11885918ad3ad99083ae",2
"b3ccfe9606744e8b2757954a125ea1a6",2
"b3dc8eaa25a1212037fae667340f20e5",2
"b434a4f306b4eb09c0d57b76f0c4684d",2
"b440e4b2919c01d29cebadaf09ef7272",2
"b4418ae2225a81808d6c5a61f3a719ff",2
"b46143871bd7f63bcbd5acd898b5e1ee",2
"b463aa86422087e97281b2787590fb0d",2
"b47715fad5cbc17bfb21e9ab646fdfb2",2
"b4afb55d2d38d9bbe0b83ec108c3e77e",2
"b4b0901bb872cf9972b32a05733b3394",2
"b4be8ffe5a39196f0098f30316f7d7a1",2
"b4d20b907a61795e8c8f3a7966c6cfb9",2
"b50e2c316ac14c5ad88a269716fe3662",2
"b525fc8cce07342fb00ab3b2667c8eb9",2
"b52b8debdefe66d4c0d7f44d9b4ff088",2
"b530945168f12f82a3f9be3a5e243afa",2
"b531620286c6c6fbd1d3e7b58390fec0",2
"b56c60ed244eed72ff5640a41bf254d5",2
"b593353aa4c093b71235ece9689ce7e4",2
"b5b46581465f851df3529a30d2503f59",2
"b5d391e8447d5ae0f8b852be83249e07",2
"b608532e04a3070b4b31178948f5c43b",2
"b60c8404de6587cab091a3fd0079f14c",2
"b619178eb4f697c3283943612910230a",2
"b6216e2929abf9261e14d2e40f9a4d17",2
"b62777d3969196b3329205b4d8e1ba0a",2
"b64064e3ae051f50b6f1eb12552d30e4",2
"b643c19d91a65d73f94ba8e037668986",2
"b64d39d1e77c4d9a7e7d002ad7552178",2
"b6551acfa77dba27fb288e08dbe02f84",2
"b68a98377d20140feaa17eeb61687459",2
"b698379306c3fad0ab64d82a63a770a2",2
"b6aa5a87f6c08e2510324edca009810f",2
"b6bb8e4780df00a25fa34335d3dc1330",2
"b6c083700ca8c135ba9f0f132930d4e8",2
"b703d83e085a6a8b339dc548f4878ca8",2
"b7474898d0dccad79a77bf2b0d23bbab",2
"b7737cd1c12adf6a0bc2de497ce2935d",2
"b7741f7ec50ab6bcd52ab08ea8f214d9",2
"b7b68a8bb6ca48aefdd5790e04cda817",2
"b7d4cab5dd11b238da97b01eaf657293",2
"b7d8524e14913b79fe082a5fc2efffd7",2
"b7e2b4e7e5bbfc11eb1b22e6d822926b",2
"b7f170888469e5332e43c92edd77793f",2
"b824f6981f2ee1c30533c4138572428c",2
"b854c56e1163bced9c3ebf1e4a6576f3",2
"b8beb7a6bfb7ed884386a8da46be8f8e",2
"b8c5ccc844de0242c85efacf5b6a51da",2
"b8d31a82b1bb71983bbc08e4751baeab",2
"b8f77228f32fce5c13df55da21fad23b",2
"b8f9ecc7915ce653a1d7ee6dbfe8f54d",2
"b918da4934c7eabcda6e45b4e18aba53",2
"b948343ff2e4e183e27e22ca63968d2b",2
"b9544dcc09004b3b28e388ed130e50f1",2
"b9833a43443ed9fad7a66f9ffb80684c",2
"b9bab1d3bf90360ff3942299971001ef",2
"b9fba7ed7a4f5761ffd6c407ad764503",2
"b9fc2d4c90bdadc7052fabe8353084ed",2
"b9fd889214fcb1a45e4cd51f5af6cba3",2
"ba06852aa0cfbaf3e534272d2be15a96",2
"ba0c0e497661b804dbb590a6c5660b77",2
"ba16ab3721ffd6b57fc87a7a4f6a4fcf",2
"ba31ea04a575dfe13ef189d5dc797a5f",2
"ba54ee5be417c0558c060a3186451248",2
"baa8144c90cc484cda27858b86a32f99",2
"baad97a77fafd04f72a7f874dd67b37e",2
"baffecbd1fcc31f8a415cef1cd8cf772",2
"bb0aea12660bf8bd536b39fddbc336ee",2
"bb182f55e4cff6eabfc26d08354b5995",2
"bb4d84a2b45b22ed710ac8c0dec63d1a",2
"bb656eab01a34ac497457c5a92f5bd07",2
"bb6d785b806cb1eef824812b06b9f15b",2
"bb804ab3b59099c10245f17159faf55e",2
"bb8486cad0e431659227f6fb18fc6a72",2
"bb99e6ae642f462d7bf05db05fc9aa11",2
"bb9de7a757d93065939c7da2a3cd8ce4",2
"bba29bdc2bd4deeb7bba3c61ea98e012",2
"bbe8686a830c0caaf68452997d73d396",2
"bbf65e7823171a84e70a495dd6c34ceb",2
"bbfa16828a49c356b46dcbea56ded834",2
"bc0cc7fd03864119501b931413dde0df",2
"bc0d7bb032bbf422fc74bb279c47de1e",2
"bc2387c48428a2e128eaa3d5b18b3591",2
"bc27afa44f5b67b080ab4ba3851a162d",2
"bc7b9e0d078c0c01f622b38cfcd7ee9c",2
"bc877a9f97bb3f3d4fcd5f86028f81a9",2
"bc98051cee7c0111167e6f40a4ed76f6",2
"bcabe34e299eaf51bb601e89401e25e4",2
"bcc9a08b533971412be737fd5bd918b3",2
"bce006e903be688f122a39f45b210090",2
"bcf0a5f0f3ec8639f940749aab360d8f",2
"bcfc1d8cf64a476b003cee4599f9fd11",2
"bcfc9032cea53ef734a6008742d954fc",2
"bd0512ab6c631a62fdc974a682600f56",2
"bd0f8d6b6bc185debdf79f91ba30fdc6",2
"bd748b6890efcaa0e79187653b2d6a91",2
"bd8bee2d841f2573c7c4f2d49dfdcaf0",2
"bd8e0f3ea9fb694fc53c7a358643fc06",2
"bd8ee6a65c4d647953792da821444580",2
"bd9faf610de6660a02b39510406c8e9f",2
"bdb40fdb1df62064c8ee38b845459e77",2
"bdbc3238ae12ff1aab4853dbcbc2241c",2
"bdde9ce1c27b88a7fe3ef13ad6a80b5f",2
"bdfd71dfee6faa67122cc7cdbc14d9f7",2
"be08ef2ebaeb41941a53aa75db874099",2
"be31ab006786747df81854035a1960f4",2
"be33ce67f6c02b468b94afa895a955fe",2
"beceaa52fb2f761e647222b3cf7ce0b2",2
"befed7f0bf7fc3d0262b0f95989a36ae",2
"bf087cbc0138d7066e1c41d1a97973dd",2
"bf1dd33f93c58ea45d677d7e871e098e",2
"bf257f507db19138f5bc4065313c1f87",2
"bf429f20c75a39eab83442cda8e59832",2
"bf448042b40749d8b95fe00c08a9b5cb",2
"bf482716881b0c14af9efda1fc58a649",2
"bf59acdae64e9900fd93e4847baa1978",2
"bf6504419e536f7c4c2461ebb0689d48",2
"bf79e2be560481b2e6014798b4331a18",2
"bf7e07e4ccc7df0889db4653d60c3f27",2
"bfb33fedf91eb21f6d32ad5345989a6e",2
"bfc84496b1100cbbd83a6f8087526168",2
"bfca7a9e3e07df51447510ede80822ec",2
"bfcdddab5a2fe5dd1d1b8330795f4061",2
"bfe14bfa136397036c4fd0cade75c68c",2
"bfe1ecef0f01ad67e5e0cf1860e94e60",2
"c036799f1b7d9832bfa372f83278182a",2
"c0378e9280a6e9401f2b0fd4a288496b",2
"c0394cfa96258a94e368499f919a3ba6",2
"c04a6c1c190e47ec62b4bb139921331a",2
"c0536ee7a009264e0f1bf1c8f4c54ad3",2
"c05e676aa7a9139b522ba75149226825",2
"c0779cfb3d6695eb9a6c14772852e10e",2
"c0842fc6a034863db2d8479df8435492",2
"c0ab0c71f36879a7e904700157a6d88c",2
"c0ceb197de4a31388883a6369ec291d6",2
"c0f139fe95b95fe9648723696465c72b",2
"c0fc2e3595c750de75d36e7db9399e83",2
"c0fcb07a9959ae14f01bad208e445cc4",2
"c1133ec81daffffd4871e9353a3c8fb3",2
"c130bf40aa6d3bdb444b04a8d78adf5a",2
"c143eafe10719dcc7dc0a855b2e3554d",2
"c169c9937db997a267f749cdd64c161f",2
"c17526359e1068290ebf7dd22a856de7",2
"c17db1418a98b4a6d1dcad61cc579c70",2
"c17dec01473d89441bb6a93fcb58e663",2
"c1977e8e3ea0900e70cd1dd70123d382",2
"c1a57f5222ef4a8987b8477784809637",2
"c1c17398c133e0b88ab63b2e29dbb2bf",2
"c1d43ef6f70aff50201a1b882176a346",2
"c1ef581a9af244904429f1828f2747b8",2
"c2551ea089b7ebbc67a2ea8757152514",2
"c28b1528e093df4b2a5d47f6f2b0d5fb",2
"c297bb9230dc3152522d0c2b4caa7a1a",2
"c2a444c39a2d87b50039f910db917e3d",2
"c2b85086965c0fed46df434ddd474a9a",2
"c2b85b27ebd380c2c156e3e8773bd4c6",2
"c2e9a50bcf76b5783bc96f906f95bceb",2
"c2f7ac13c2e0937f956659002e5d5783",2
"c32c120fa230c291ecc017406aa2f39d",2
"c35ffdd9679e194c3673533720b5e00c",2
"c36acb527b8f2c464abd036b879f4ec8",2
"c3733cbdb41f37b5477b2c01c523e220",2
"c37449d8b51eefa148cd87b2c605a1c1",2
"c385f43894ac5ac31c50339ccf16e8f0",2
"c3a1aa867de7bbc426695e756107ed38",2
"c3a8c3c742829113458555ed8d300404",2
"c3efecdc2ca34416d845120af0bfca09",2
"c400a61d8b936f7d10930fc142a39407",2
"c40388c86f0334d1d69f33fc43322a8c",2
"c4063084f01f085897c04bcbd81fcb69",2
"c40b4a21d854ab194280dadc8998061f",2
"c411c8b6dbaffd467263f87a23f2cf52",2
"c4536b58064f144d0538c9cc69c2765d",2
"c45ece361aab055ea6c55b61eb2d99c0",2
"c47ec91fad63554dd8fe3e33188faf7d",2
"c48322635a138a5714e55d9113d0e266",2
"c499023d38f0db1bcf3db96b3c8a5dee",2
"c49c236a96f8e5b983ce6467af4317b9",2
"c4a0864ef7d2deb7cdb86898faf6ffa6",2
"c4cf9b10d2668bfabb498d93004ab4a0",2
"c4d781fcde967593104a3f3adaee38c6",2
"c4d9ec8c227594222eedd980cb28a6f4",2
"c4de6c1719eff03b6d30aff09571e272",2
"c4ebedb09beb89cc0314c5c0c33f8053",2
"c50794dfc62b62a84f72475abf38b4e3",2
"c51a1ea9fa9851c70f89d1178c861150",2
"c51a1f42780144ae12d0e529abc3f83f",2
"c5400d2fca348bd1313426efe4b10a51",2
"c55821f6a2a59a93d4cde13a2ec14661",2
"c5b58e89d4e287e453b4a0bffcf7a025",2
"c5cc0bee4b73138ed973a1720df085aa",2
"c5f6047fb345ffd234cf5b26268988be",2
"c60635e3c36e27ff9222fdac1ef3e17f",2
"c644c379a96ef9468f073699ae37a84b",2
"c658495c41a24ef33a852db6840738a1",2
"c694ffd0ff6d172ecf34fcd4202c8693",2
"c6b2ccbe75ac5addb40fcff5db96a5c1",2
"c731a46dd44dfe456ccfa8968206943d",2
"c73f294466cf13293810f4d1a3728d56",2
"c76dbe63126a89c815fe9716acfdb4a1",2
"c7819760e70376028f519e3b57e6c441",2
"c7b577de54cb78d5d8f60f78f0476a52",2
"c7fb8ec1ea35af7e89f989b6e17e2bd8",2
"c803385049057260f738c18c12749747",2
"c83c41456526926a16e2f95d3652b6d3",2
"c8592d5ae5bde92205a4eedb41d9455e",2
"c85df1c6ef6f7bb605e1c49d34f172ee",2
"c863f613022e5ce024c630ffa65ab51d",2
"c893e6fe915add1b28ef934048f0023e",2
"c89d91308d60d2f2076d20296962f2c3",2
"c8abffe7e68de3d6c4b6dd6d4c320dd4",2
"c8e2ea7e324f7dd660e7481ec85bef3c",2
"c902f3ef39179b58e803da196af3467a",2
"c90610b4cd15ff318841445c558c41fb",2
"c9158d089637ab443c78984d20da7fc0",2
"c92f31f36283b5e3c4b4657734ea8c16",2
"c937a5d7fe89380c128d9b8746495474",2
"c957b57bcaff0ed3a494d95c865de4a1",2
"c968cdb924339d7a42e0c448153b72cc",2
"c988628b7bc5d9c645eb7a3a66f31b46",2
"c9c6d353f4101827b3dbc83b093b2fe6",2
"c9c7f143771017a9c61af26f7291f7a5",2
"c9ec7638cb8f2dd8e4439fa8374d89e4",2
"c9f3502cccf5585cea25aa7de58f6cb5",2
"ca0cd77819a2427d6ca0e0d0e92de58b",2
"ca12da7d856692d5cf4960c5edd99756",2
"ca26c28cab4d8cef1f2bc24e9bc78380",2
"ca3865ab988451f1544dad3910217f29",2
"ca55f9ebddc988ee65f4dea1a93ebc98",2
"ca6d9bc2e717c2a0aa19d77a3bfa5398",2
"caa3d56b7a6777daaa2793053bdf2309",2
"cabef558b42bd1d2578afc81048e8415",2
"cb06773dbb3415543b78720a3986344e",2
"cb36d0f12c99d07935b706269045f613",2
"cb4253d36367737b6baa4f8ca58fac62",2
"cb4f48aa5b4657435b012a65f2a122eb",2
"cb57be427d5e8c06c10cdd1540df1e00",2
"cb5c545d96f39390b7f372aaa88c4a7e",2
"cb6eb4e06104e8902288c07ff4224c28",2
"cbc71e02efb1d43b84f80b2a64d6013c",2
"cbe71e4cb0b82b97bbec5cd51e0fa3ea",2
"cbebce165db72a2bfba9e81a3411bdf7",2
"cc025521d96a3005316b61cde71907db",2
"cc0472ed54d7ef34d66a4cad6bf2e666",2
"cc22ee560df02b4c4f088ac4233fa87d",2
"cc2bef54fa72102dca9777ff483f75a5",2
"cc44d1f72587f44e3af25f68f1db8cd2",2
"cc47f99364c6a2b50a87c1bbb3e4f0f8",2
"cc492df9ae61715ec0ede787f6f086d9",2
"ccac5680eab564a88f301f59030b448b",2
"ccafc1c3f270410521c3c6f3b249870f",2
"ccc3e3aa5b39011a6b206229fb9b4383",2
"ccd2f7d983d761b9c7520a266bfcfc81",2
"cce3432f546c60893bd2ad7a2001148a",2
"cd04cd9aa9eb0b51b40a2b124f3a93f3",2
"cd0e1d42225b7f4cf78a382e4f57e704",2
"cd52ca09554e5cc34d9ec28d230008af",2
"cd6c68c5fad15e0a5a5c1150546704e0",2
"cd86f2b40a6183a8212f9053bb0aaf8a",2
"cd915c60db8686f9a3dc35745aa1691c",2
"cdc8b0d152b868db7e28de59f642c94a",2
"cddc66766972c6d5da2fdd80fcefe1f0",2
"cde37fe3a24ad875f5ff1482fd80a43e",2
"cde6577300fbd06655ff162902f15b2a",2
"ce41a50f9ff95ef577cb759483fe9165",2
"ce60a50b73f7934a7d4caa92f2f05bbf",2
"ce6160651998b40db0a0f3b9d69f7f3d",2
"ce8b665ad7a00dfee2a4fbd19dedb82a",2
"ceb767afcf00ef4fedae42343064aa3d",2
"cee4e6509d99d45518c65d26971c1cbb",2
"cee86ef4954e9d77f02cbc2276dd75e7",2
"cef2883537239067f21cf38c1b2abb32",2
"cef42836ff25476d55c9a3e58f8da99d",2
"cef44ce121b124fdc3438472b1ac4e9a",2
"cf26c0ed98d29abab5c9fe2643f88d19",2
"cf32aeb4e8a323e6499a573ac5c90326",2
"cf56ccfd32ac8a510501a6fa69972c74",2
"cf7d5df4ee5ebe39ed41f0c5c1584b1c",2
"cfb025f193db116549c9c23e4d58e3e3",2
"cfdaaa0caea59b06efb4b0fb8c700684",2
"cfe96f24bd8c36325e0d92e44324cf66",2
"d0145502f422d4a9387f75186674f29a",2
"d0175fc564515a47e95bcfdf40e6bc07",2
"d01cf8c6c7c836c5dd9320585928f42b",2
"d0401aa66d5c33ae752ece32f8474d3c",2
"d045537cf9bd29e415334af5a6cb8ff5",2
"d052fe86655dae0e952c1bacbbb99d7a",2
"d059a0ec4c911c7abb10602099670325",2
"d05c44a138277ad325d915c6b7ccbcdf",2
"d05fdf65460ea1bf8735cd5843c3d97d",2
"d0813c57df04369487ff42ab24dd0ac7",2
"d08c29302907086e8fe823369542f3ae",2
"d0924cc48eeb9e613a31e365ba1db47d",2
"d0af5dec42f3bf160195f5bcb704fd01",2
"d0b2f9c9f13d9048969517d02237b432",2
"d0bd25a13b24e8d59a11adda68bd3ecd",2
"d0be859f85cda9d896ab14e4ffba955d",2
"d0c62583f73531eba6338b2390e7a861",2
"d0c8fa169b9f2995d6a1692a0e3aae32",2
"d0e376592a3036444738ee6a426785c1",2
"d0e4eb7f19326cba84b20949f1c90393",2
"d0f6a442ee95ea8674c2d8ba325f41c0",2
"d1085381045ea6f88be5cc3e14c61e55",2
"d130666a33d3681209c5c752fe56ee10",2
"d16f2966cda34d01f661bfc50635edb2",2
"d1c1745d918b9661759fce57da31a2d4",2
"d21fb1e8aee69c608f5c2fb5b6c28cad",2
"d24e1d0902dac57dd313bcf4f9c80160",2
"d2560fea402745a0f20f542f829c6109",2
"d270eb25f6d487d94778d358b01c651f",2
"d27295915d486516b99c3aed8628e83b",2
"d277ef4a75c805239e54be86625e0722",2
"d2787622df9fd933c164f7cf696a4e2a",2
"d2c30c00f9787faf7349ea558c153613",2
"d2d3ed262b31f2bb50932fd0b1ab5df7",2
"d2ecc28fac1b377eefe7b209a895626a",2
"d2f38262a9f66d15aa9fc2b60ea873d9",2
"d3581765bcf955dcf282b1642c74157c",2
"d35b852498996bd67a141c266e92f35b",2
"d366cfc097d250c153a712cebfc7d94a",2
"d3738b2218832d0397dbbceffa3f3514",2
"d375c3a3a6bff030c08c6d4109b3f226",2
"d37b5d5b492f667ea230e377a97fe859",2
"d3857f98166ef23ca95d44cbe9b1828c",2
"d393419796111dfaf317ca354f6c30e6",2
"d3e6520dde5fda9917fb56ffc3066d66",2
"d3efd0ae3bee9c35f302e336aef87b99",2
"d3f15df5924e63131bcdac6364b6a6fd",2
"d42abb03c8796ea293a48772c24843c1",2
"d42d80a0e58167c0dbb59315c93788bc",2
"d43c6aa82fc6dc2c43d6813a4822081f",2
"d44f553a3663a6323c901cf1f0a47c87",2
"d451891847b64bb4cf9a40e9cfe1c7a2",2
"d4bfdb188411b1d1fdd0a66e8017e8b4",2
"d4e5ada242c876e58b2dbbcfaa80d977",2
"d526c2df957cc6b177070216427c299d",2
"d5419994a02a55d4b7cd00e77fabdbae",2
"d55417a83a73d1702b43988e63f0731a",2
"d567f29ec5fa447c99e949f337f3a35c",2
"d56ded4569dd9821b2f83710a56afbde",2
"d58760239457cc420d92744d97087921",2
"d5b4fce33a7ef8e6025bff334e6bbf1d",2
"d5ca668597a3b40c1e527db8c761f03c",2
"d5f79f616536f08c3946ee6ac810a43a",2
"d60483078c0c81748581f80d355bbcba",2
"d649357bd5b1b116bf9662f41259db37",2
"d65921a138c59000aff343f8c991b896",2
"d66f438b3fcdcf22e7224aaeaf525443",2
"d6903bc66ac9ae94d0bec00ea5c39568",2
"d6caf670c8bf91aed723f242cafb71c8",2
"d6da88f652fc0f69dea0db20393a752d",2
"d6db3091e8c13023bf1e6d367b8c0847",2
"d74572d564d4ddc3cf3d286fdb4145eb",2
"d753459418d268407f19b64be28e3c5a",2
"d75a854dd5534f42bfac3299ac2d0b33",2
"d77aa95864ae5b42160937615628723a",2
"d7a86208b8dd2e697ddf825c386a0402",2
"d7a9f47a1c943e087a775dc2f9d43eb3",2
"d7b402c756be57180fa0df36f58d8b7f",2
"d7b4f3c9c89ba771ef099693c61d7085",2
"d7b918d0c8219843c0a245d589680a60",2
"d7bf7cfe09c3d0f40e1cabde2dc17fd4",2
"d7c6335139cb055ed0ce1125ddc788d8",2
"d7c6bdf20c4ec9c9cda815dde58e778a",2
"d7e0432688bbd72d3567568903f6117c",2
"d8079e13179a4ba20a2d06c42e713ff9",2
"d815021b4d2400e191b912e96d494b2a",2
"d821b0981be9795c42ff1b2dece149cb",2
"d83257348027bd8c59a228cc034de5e3",2
"d87cd982d4b793abe00c75c000c89237",2
"d8a89dc47bde7dc0b83a3434cc017ee1",2
"d8ad2c0c09bb419ee20bbbda66ed6d9c",2
"d8ca95d946a44bf4af460bc5eea8c00f",2
"d8dc373219d0f95053c8d65df85a7f1c",2
"d8e4bf349af9df104faeef494ad2c6de",2
"d8f3c4f441a9b59a29f977df16724f38",2
"d8f979fcfc0ce686f6abf5af5f5217d4",2
"d92462d83762d5e5c112bccc344119e6",2
"d927267e54f07b9e0fd408d2f840024c",2
"d970a2354b55cfb67fa5840b9b4936ed",2
"d97b3cfb22b0d6b25ac9ed4e9c2d481b",2
"d9ad5b8ce105bd3baced4648987fbbfc",2
"d9d038353abdad5717e9d11c1748736d",2
"d9e6c750121d4d84ba6f2cdc6cc80008",2
"d9e97e176fab9b275f9665eef6151a7b",2
"da0440138fea4368af70b5cb01126a9c",2
"da122df9eeddfedc1dc1f5349a1a690c",2
"da1e7179b9c5a1494d78528cbcf05aa0",2
"da29b8a3970adddb9ed2dc8a492065af",2
"da5bbfd583efb762f6fda762f1aaf4a9",2
"da8198ea45b815ac5588df1dc7f66661",2
"da8618694dda57a7eb9be2611e110f35",2
"da8ac849037c7201a41a4db0b1fa963e",2
"da8f764b90a3b800f31d093c22cd3074",2
"da938ecdfde4d90f6c247bfa5233c66a",2
"daa7bbf7016cc30bf64f97d1db63e5e6",2
"dad9e634284872d012677965e512b57d",2
"daf8072197465eabacb942e6f644585a",2
"db094faaa9628ba9f5e5da127407f139",2
"db539c729198334582efc7b53c803c79",2
"db8486f106d2a7d4136a2cdd32ae7870",2
"db856e8cb7586dd746d36ee69f7dbe68",2
"db8e4be2382fc04a998f0f1875767ee1",2
"dbc19912d7a5ce777b71178146f803f8",2
"dbd74164682e2397d489169439362184",2
"dbdfcd1e9de47452f3c9b0229bc0edc3",2
"dc0274a25d881c813da7d55b7faace37",2
"dc1dac999319e4de0009df7ad0d02104",2
"dc1e294dceea9fbe6bd8646954e03c95",2
"dc450fdb03562a6d52752858f7855348",2
"dc591097f939fa6a57749d030d937500",2
"dc6502a8fc5ef5239994a36192e7a0ca",2
"dc80a79483121fee90b0d2f53d1054f5",2
"dc858be5b0bb881c067192937bf4ff78",2
"dca9a13536adcef18c6c5859487347b1",2
"dcae10a371a35e87b7e88b8724a7bbea",2
"dcc9c0fd8dbf091ca2965710ef45c16c",2
"dcd27efb93b723b301f8bac00e5d7e01",2
"dce6dc77c19d239bfbe9d77dd4d0ef98",2
"dcee1e44ded6f1bfc5b4988d771243da",2
"dd20866f2a6d0f83a61cf8887a09528d",2
"dd25b514ee922669e5de2d638199a3e3",2
"dd47740f3c285d15d8c9c72fc204e78a",2
"dd6ca4bccbd21803d32139af5b908fd7",2
"dd6e665621eca3de5e37b072f7d50f0c",2
"dd7b0e9b51e5377bd9c1fd3e286c7b9d",2
"dd8253fe17486f2e2cbff105e36e4a55",2
"dd8c586651f9232e473ad86cf89c143f",2
"dd9b235dbe7d48c82caca4da097a2240",2
"ddcbd9c87bce192fc14812129a7894da",2
"ddeb6f3566dcf17cb455271ac103a73f",2
"de226a12fac20b56580d731ec8ab8623",2
"de73179fb08ccaa16bfbf6c139879855",2
"de7cad0a39eabfa2285ef0b891ef404a",2
"de8ce480b6119f2835ce8ad07c326793",2
"dec5217f924eab1dae338b9b54f53558",2
"dec8632530ce2c58e688e63cbc5105e6",2
"ded4351942c7fc292b88e5b090af2b46",2
"dee6a650840de087ac42c4367bc9baf3",2
"df19c809342ecae8391e68dccf16fc8f",2
"df1f61c43368a8ed99dc76b43594fc4b",2
"df2a9226267aa1598b499b3ea09fcf60",2
"df5ff0c899dd19ed568e3e0f716cbe20",2
"df9bd60da4a8f8945d2b862aebd3d418",2
"dff33bfc45ae0becc55ce9b50acd4073",2
"dff41d762e4e7b68b73af7203a429072",2
"dff5ff8f411dd1d77875f7e17a3eb512",2
"dffdc8e60eab79300b75d9febd9eec46",2
"e0233c751408137ec5cdde0c37e6a61a",2
"e031118eb65330b4c180522f2743cf51",2
"e05757dc57fc38f5156c82e9e4444f8f",2
"e06e62694cd8ce637a1c3f4a624c647e",2
"e079b18794454de9d2be5c12b4392294",2
"e09e509936d44d03ec876c40b0f6dd3f",2
"e0a435b6106cae0bc42a2cef0565b622",2
"e0ec2e3c3f6e06839e8fb986be65c7c5",2
"e10b68125f54adc15562b1fa412e655a",2
"e11a1b428e150830944b665cb6b2d5da",2
"e1407f4d2fd92ed069307bb0b836615a",2
"e14705d2e06ab8ee7c665f21c72f874f",2
"e14b8cd578c1f576594719bce2ee1aa2",2
"e18cd71e54e44b7cedb7991214b691a5",2
"e1b59a2032b34097d0c1c8d320f40832",2
"e1cc1be2730188040748affa422b2803",2
"e1cf735f320c9870c2046dbbc634fcec",2
"e208e280c8d8debab258793b0ce264ba",2
"e219a439f6ca99e32824bcc7153969c9",2
"e2226f481eef03f2876d1a27f0f4b1b0",2
"e225b3c270984a8097a136089a11aea9",2
"e23daf58ce481f3d38066e654ef610cb",2
"e2439c7b04c3500e7a4aa7a208e78f70",2
"e246473a236ca29747182e7986dbdb7a",2
"e271fa40aa8fea4e0f304b3768b65d6a",2
"e2889baccec81ed3bed4d66c1c675cb2",2
"e28d3bf5a02fc92d400c59b18bb4cef3",2
"e2af42f42a86805055a8e71af58ee71e",2
"e2c483395f5aa739622936a3e826921d",2
"e2c87a07e54c863d60af789a9233bdb5",2
"e2ce734f0bd635b4b82317b5e5fcd152",2
"e301216623168d227eb0b0a3aabb1e62",2
"e35b2a3c980b6e0fc66c66b8e1122e93",2
"e372df26ddbc7532211a9886f9d3f358",2
"e374f0ed9ec35b9af339460a75c4d096",2
"e38a9d13896946501404c6d82790728c",2
"e38bf9a883752b0b65407a103fd7ef30",2
"e395de53a61a2f8fa96ea1ca399c3ff5",2
"e3a07a2fce775f67bcf06e6278807608",2
"e3c95cff4b8cca496061b369eaa006f7",2
"e3cf594a99e810f58af53ed4820f25e5",2
"e424731f7e9ccc9f3384b8b71378cbf7",2
"e43c9920240823d6c97bedc723c25281",2
"e43e7031cd89dd0ac61dd44b840c311f",2
"e44110c2ff342e5bbda6c2224d94bbe6",2
"e4419ca71e493f57fce5809d2039e9ba",2
"e45b0c7dd75287df589a26fdb7c2fcaf",2
"e47e3ecbe9ae12ecbfc5651bd62d7733",2
"e4951b10e341a56871ef584deab3f2ef",2
"e4971a4defaf07a1d7f2ff615a32c809",2
"e4d18909afd252a0289765acc614d3e0",2
"e4d800060f85d896b83b4c3e3570065b",2
"e4f218d824a59b96c4399ad182327138",2
"e53821a413d5b137cd9005b41f09dfe0",2
"e559969619d1a0922477a2d8cfaf50d9",2
"e58043c5746b4d123edd5fe77ef48696",2
"e58e049eea2419a34274619f798d0cd4",2
"e5912280c9d8c14b4e7778df669dea07",2
"e5ae3dacf82b0ced4bd9e85046b96f38",2
"e5b6fb6c5e7e4adc25a5e400c0104508",2
"e5bdbd18812e42788e7cbad7058fc0ab",2
"e5d71c2a04ee3a370295b3290a85b2fb",2
"e5ec513f807eb586f0cb8ab492f59e13",2
"e5eed5d0afc1ee8620468918995df9f6",2
"e5f19a93cf85b13edc0376d90e4a0ba5",2
"e60856952187516c3397a2c4ac63aac4",2
"e60d32d446c543a9af42c36bf266b0ed",2
"e61f0f032bc92cadf0ec55f9c1c8b5ec",2
"e64ab18890c89066fe47f8abbbf180de",2
"e65862da4f9f183565831cf7e1cbb7a5",2
"e65e6159c5cfea9bd5aa393b49b02ee6",2
"e67af1efd445becc5019902668fe3218",2
"e68365f0fec5a377bd6f49cb444e453c",2
"e68856e8450afe7390b02d1b2bcefb29",2
"e69e2b2ce493d7d2307b2588fd1614bd",2
"e6ae3727da5a849a77c47c7d661bd152",2
"e6da0e9bb3545f5468975a2cf67ce246",2
"e6f18fab493c0bdc553eafd9b66cb5f2",2
"e6f7a95a474d4f2224834b896c22f66f",2
"e6f7ddad5d0159e391e27db652c17246",2
"e702e8b7b2a4233b4a1c21f457a1030e",2
"e7039843c54c69530bbf70d926baaab6",2
"e73ccd01efa72e05476abdfa25f36208",2
"e7688fef5438be571d0c39bbb3e8e998",2
"e76f5c3699e402d57852989386ab1cc4",2
"e77723abebdc6d6b95814047f75c2aab",2
"e7a57c5b35cdb485d352afad87560042",2
"e7aa3fbe88423a0132e45578023bac50",2
"e7ba27eaa7692a165b91ba35a41da310",2
"e7ceb5e15c42737c00925a715525dc67",2
"e7e84072c5730f21d38aea4e37d531f0",2
"e7ea4c3049b0ffcb326d8fcf44a06c05",2
"e8001d7ab27230c1f2fb39aa63aea136",2
"e836a4279bd9127752d8949d46f7a5a5",2
"e8569c57efe3adf347b3e92ec04d1f91",2
"e8663abca66edfe7b18d03a921637578",2
"e87c2e2e5985c5996ec20651a3d50fe7",2
"e89bab624ed1d8c75012bf52bacc654c",2
"e89bf89e2621b5aeb4c181e69a8c6952",2
"e8a63b5829f45bc153ed838ba9de6c0b",2
"e8bab621313ad2a3c0ce8e3a023ff9bb",2
"e8da63b2f86c44c750599dbe9d95b7d2",2
"e8ddc823809246fabd9c235ef7714630",2
"e8fee231a8a4901e2b0b5a2324eb1405",2
"e9523749328fe82cd18a39f8611a69b9",2
"e9659b474a13413b36c7a5c1e6d7055b",2
"e97081db25f1967ef831179b1995eead",2
"e9a6501768a8cc1125752e157da21cc1",2
"e9c905c9d93eadb270434d5f1de50fee",2
"e9d6ce102dcb8ab8a3387021b5040f70",2
"e9dd12dca17352644a959d9dea133935",2
"e9e96ff4f36a319a3621b95b43343532",2
"e9e9aa9ebf0957826090f74c9f5fd4e4",2
"ea09b32bf96ba057088e140c6bec60da",2
"ea2a4a14c49ad9a9d64d2b7f91f0c293",2
"ea3f9ba2162d33a56fa8ff315f2c38ce",2
"ea4dce18a6994b1e69f0bc8093cfe869",2
"ea8a37a119980ee4681e28145b39bb3b",2
"ea94f7a5177a14fde12ff625b03dcd7a",2
"eaa604ab9f816252edb7a8d297f932e5",2
"eabaccde0fe3120d2cbbcfc93e2b4177",2
"eac6dbc8ecd0a2f08ed8e53d18f0e0d0",2
"ead394416d4f85207932cc124eb145e2",2
"eae0a83d752b1dd32697e0e7b4221656",2
"eaf8b1aa185199a62be13fe370e82ad1",2
"eb240714223915add224beff2d844e53",2
"eb28e67c4c0b83846050ddfb8a35d051",2
"eb3401656cd6eaad985629735dc1c339",2
"eb4520b16c32518b6615f2d50f1be1bb",2
"eb5d7d093a080f6b02d4b1ed626db0ff",2
"eb8367e178d144706a4ff3da62d284cb",2
"eb89ecac165940c95a05cb77e89a789d",2
"eb8ace0670e08632f5fe8977b669530e",2
"ebad8517c448bbd20ca1910bf1a33819",2
"ebf40c0db4fe06ddd15a7a44238c986e",2
"ec0f5b4fe392d71f361112c1b508b707",2
"ec1a46ef8409aca3b3f94b01e02d6582",2
"ec2ddda7d56bc6dcf0e5e5f4b9f67fef",2
"ec441c1966bfa602976763f330fc5168",2
"ec442faae8422b7ea35399ad213ff494",2
"ec449149317e67f234b1cf7fe9fc966c",2
"ec6a85d8bf9c7a514c411a1287643d1d",2
"ec8d6e9f822cddd2f1408b764cd173c4",2
"ec99f30f38afadbfbae32d5883734ded",2
"ec9c7ebb2a345ccd42c46b94ecb4d319",2
"ecb2bbf5c566fab74d5ab5f3cfd2ba19",2
"ecb43665c8c390857cabf385d918da87",2
"ecc693b513a0c362c8da8e6beeeb545a",2
"ecc6d0f3eb9435df737e1f0d9a1c6d3f",2
"ecdbc4bf2201c807294c7d8c4b777032",2
"ece908ca0502def5dd56deca8a5c67d5",2
"ed05a1bbf9f8816af23fcc68084bb87d",2
"ed1b6f66996abfab57c0affd00805578",2
"ed2e7c127faf8aacf910fb4ecb881966",2
"ed42ccde391485cde5b0699b84b5c070",2
"ed4c785e11a78a73c48fa3af98008292",2
"ed64cf9aa7a7028f4a7ba14dbc08de41",2
"ed7ecb1bd52fef9f35d06b0f09c79539",2
"ed873efbae1f165689d2e836f7a45a20",2
"ed917c786a8a3e411eae87aeca27cb27",2
"ed91e2bcbc71d72c1d7871961a01d3e3",2
"edb73fb9e9c6e283badde40e37f5c9e5",2
"eddc1407b097ef7952deb24806c9059b",2
"ee04cc9bca4c9198bec5c54c2542dd3b",2
"ee2e40e31211c5c36ebf28b78316542e",2
"ee3adea169ca02ca9bd1e80bc620856e",2
"ee4a5dab94b427525ea24bc30d4442fb",2
"ee5c5d0ff3ff8e904b5c2b66dd471b01",2
"ee86c319ba988c50816cb59a863b1882",2
"ee9d97a7d28183a3d93aefb807e48524",2
"eed4189bfc1ea0c708e927cf93d63bdf",2
"eed42da7ee2f3ce26ab52758e63d855f",2
"eeea20d93b0e221411defcabab3c8949",2
"ef1d0f1922417f396a0aa0a03296c572",2
"ef309784561fed416ff25e05ddfe495e",2
"ef3aa901ca7f8bc099be6fd33f8daba6",2
"ef3b6ab8a1704ead096adbcdee78284b",2
"ef3e32f1b8658891add797672f995cc5",2
"ef6f8fd740ae1fe88a80a321306bac50",2
"ef7200d5b0b899369c77c7407ec5502e",2
"ef7ccf8e6acbf1ac71af305967e708c3",2
"ef89c781d27561d99c4b90783fde3c57",2
"efb164704e9f4fc3867f6f59f5f6dbd6",2
"efce1ab3e96ccab8b1b464326bd22417",2
"efd22f5f8fc7e5035a4f48bd92c0c69c",2
"effecf2e702b13058b6ca07a0a649691",2
"f00aa1cfc257dfff20184269b19db923",2
"f00e99f043c33da533ebc107f5a68c4e",2
"f019bdb8008924769fe88319cddedda9",2
"f043529722a354cd3f185270e0c6aa15",2
"f06d35a600b606329886d392afda66c7",2
"f08d5e0d77469bca395ed24633b8f8d5",2
"f091cb60c97d35a42101a95cb825f821",2
"f0996ee6e59d10ac46fd0b9c632e759d",2
"f0a8e36658d6d08f6e96b9ecf389fd52",2
"f0ac405c280fab1d087b8982e7801b54",2
"f0daba1cfcc18d5a3229e1a911313e3e",2
"f113042ff356f926d517f3087d4a1ba8",2
"f11451a120b48a5c4c36d3274f0fd80c",2
"f121995493925a5ef0b46a13f594e0ab",2
"f145d50379275ab9931636f83b0102eb",2
"f170c6e04c4cdf9219fc5c669b10f506",2
"f172c33b146e90b95ee12499eb6632cb",2
"f1a325803dd4c341c5a946ac84c71973",2
"f1bee02ceae8a430506b798786f766b4",2
"f1c08d13b8520a6efa197627fada3a56",2
"f1e73ad158b38954c23f5668894b3d46",2
"f1f30eb24d90309e4ec02c385a17e81f",2
"f216de65ece42736f341247dcba60ccb",2
"f22da779a017ed42f2c4e03862584885",2
"f257deaa49d5e0a8c5fde46dfc350e52",2
"f25c82f041560f45f4a408157ff3a5de",2
"f25c83fef4ae7252feec416e7927acac",2
"f2655a0ca53cad79e713d1a21b2328b7",2
"f2ab7bd70a9a23df0dac0be98f038374",2
"f2e0c95f9c0e971bb561b11ecf5a95d3",2
"f30856ad31d3e74253a3f4ccef670648",2
"f31ac54af6af7097bddd1053011e7a3a",2
"f31d2c22ddcad145e224e6dc48f349b9",2
"f324fb2ff71d3fe466169a995de25315",2
"f3738f6f5687da7c7ae0623172be00bf",2
"f377461b37160ea383bbb3535714ba31",2
"f37bd405972a0229ec900f3743f5bca6",2
"f39417775394ddaa9a81151e6afd4c5e",2
"f3b75d6f1b2a6555223b35fcb52dcf54",2
"f3bf3bed9936aecd7792e6c49779dedc",2
"f3d176999f9c1273045f770712608944",2
"f3d7cb12e7dc54a424d935aae4426461",2
"f43a741f2b86fc593b013959d7b34083",2
"f46971f1ac7b376b668114a027c98e78",2
"f46ebdbd5c48c0683980a759b8937912",2
"f497801658db70e1b18c76268001e944",2
"f497dd3ee9e4ef33b42acd82713e4bf3",2
"f4af0b3f627879bf6801db96949b1e71",2
"f4f2d85371955b0e254ce594fcf09a0d",2
"f526077dd7bdfdb1a6e10cd6b194b548",2
"f5344c7feb209d1e8a9de5d60ed79331",2
"f55f5b958b01f7040f6f42c0abaca6f4",2
"f561632522774ab728bb93f8f3ab5e61",2
"f565c1cbc438d2561d40d780f1da28c5",2
"f58595c5ecdf5e9781678b83ba2e0c21",2
"f596242db91986b554f25768577cd5be",2
"f5d32f2ee3d4caec1870de481c276bd8",2
"f613612c35de4ffbbdb680f32e3baa80",2
"f62d6572c9c25b3796d058d7b833f8b7",2
"f63e56138ee7885ffc3b7e56933446e6",2
"f64075e7fa628bdc6c3e7c3108d7c624",2
"f68cbab6cbaab1d6226e2dafed486578",2
"f6b12abd5112545273ecbdc84f6cf35f",2
"f6dc4789e4669873c35f8f92fdbed89f",2
"f71da337f7e2b3a70c74fa505f0f6ac9",2
"f720a16300d5b9dfa4639686e56561ba",2
"f72d1ee92d55688d07ca88506300715e",2
"f733f4254cce4a375a82258c272d1549",2
"f7471d502dd946e0a2cb6020bf076808",2
"f74a075d2c4f68917c7d568df06b1e90",2
"f79c1eba3ebd97c75683b3ac6e333daa",2
"f79c969a1665f477201e86ae6e036c30",2
"f7ac7452ae241a5a36aaf9542c2428d5",2
"f7b62c75467e8ce080b201667cbbc274",2
"f7b981e8a280e455ac3cbe0d5d171bd1",2
"f7be9bec658c62ab6240b44cd26c0b84",2
"f7d2fc6f0a2778f53d2a6bfc27bd0e8c",2
"f7d319c00224031393f1ba82343db3d6",2
"f7d7fc0a59ef4363fdce6e3aa069d498",2
"f7f7c86a6751896d012ebbe10e3fc6f3",2
"f801278dc42ce9d4773cb91ad0e21ab8",2
"f804ed90360900357b6db9d7635d275d",2
"f80c7e4cf2fa8ff3532323f19bf603ba",2
"f8308de7370e6293120c537a031f4cff",2
"f87108f2ff59f6cbc898ca230483c0ab",2
"f8777c0c5c96632fe9ded01856cb8c82",2
"f8ac33ce25aad89ade14c52fac3cc452",2
"f8af7fabb3e9e70beee01db243cd3eaa",2
"f8bffe1586fdae62dd3646353a25f958",2
"f8c74f26f568c1b52cd212e700e977df",2
"f8d1720cca57b3c6961eb25114347ade",2
"f8daef44c2589a488bfed29f1be8396a",2
"f8f6ed51ded0d4757a6153f5ce0f8906",2
"f9165be8a411384aab9f945394418a0c",2
"f92fd2c87375f957ece022972b16849b",2
"f93ea08ded32a5b926f9dd98c1dbd61d",2
"f944ee56d8467517955c2ddc7b0d486a",2
"f95407bbebadeb8eb236153ba339e998",2
"f95de29d9e810e69f55626ff1bbd4d60",2
"f96be73d5c1d3bfe8fcba7924798ba91",2
"f97ab9c166ca8d6f5313653ee439a6a8",2
"f982853f2882760f3a52e7bdfabb1080",2
"f99fa0c7b369bde9c53edc9e6f6c4a58",2
"f9ae226291893fda10af7965268fb7f6",2
"f9b5d3c8bd2dc9c26ff00bde73171554",2
"fa0cf5b25732a933725b83d2f716000a",2
"fa0ee7ceb94193fb02aa78ce3a55695a",2
"fa494e4132e6539d70a8478f1d0cf3e3",2
"fa980c101c0dcecaecd3a1b5984c6b5c",2
"fad2bf8fa1bdfc125781eb6c62b5ad81",2
"fafbc4ecb15933633821dfd530c9263b",2
"fb490a070c5dbc385afadcf0e56270bd",2
"fb4accbcbcd54672a8a8b195d9ff0ec8",2
"fb567adf300e73b60281b72af7702687",2
"fb5e89c121d9569d1a58e0afb54da971",2
"fb7e29c65321441231990afc201c1b14",2
"fb82affcdf98ee48d9d36c7feb802417",2
"fb8bc250f9f12a9121282d4b0d59485b",2
"fb920961e4d8e55fd9c357976a611765",2
"fbacf55907cfeeab0f1cb05ac31c429e",2
"fbdd85f919749a8e7a1290c6452024e3",2
"fc19fe9ac733e36ff8227c29435c2030",2
"fc1c735fd279ad7321e7b40a4f9d361f",2
"fc2261ae2c583aa2e68241456a6467c8",2
"fc24db02becd484accefaa5af59c18b1",2
"fc685f5d020dbc22ef7dae7822f336dc",2
"fcceb56470bf0b4d59caa87e111ca69e",2
"fccfbf734a92029859c4fe58eff05114",2
"fcd0ab79592faab19e2bf386cf69fbcd",2
"fd03997c82649affc061d275ddf1f3d9",2
"fd09c64a101e3eff4adbca1b28552514",2
"fd0e843308b676214ea30ea480295e3e",2
"fd47af963b760f05fbc357474509905e",2
"fda3a3eb3370c1295a4fc3f6cd3d7604",2
"fdb1f3e0dd15b657acc64314ce89688f",2
"fdb2f8a871f180fefdf3ba06bf7ab179",2
"fdb47f6659321662dce6524a8c629d0b",2
"fde381fe79993303957d1fcf9cd6bf4a",2
"fe28d443ab89dc67f5858bc2beda299a",2
"fe3e52de024b82706717c38c8e183084",2
"fe52c2abb172426dd6416cc69e6b3689",2
"fe613188d4d20ea3e3dc1290549c3ad1",2
"fed2005ccab4fcf1a40ebdaff032a148",2
"fed519569d16e690df6f89cb99d4e682",2
"ff03923ad1eb9e32304deb7f9b2a45c9",2
"ff22e30958c13ffe219db7d711e8f564",2
"ff44401d0d8f5b9c54a47374eb48c1b8",2
"ff8892f7c26aa0446da53d01b18df463",2
"00172711b30d52eea8b313a7f2cced02",2
"ffe254cc039740e17dd15a5305035928",2
"004288347e5e88a27ded2bb23747066c",2
"004b45ec5c64187465168251cd1c9c2f",2
"0058f300f57d7b93c477a131a59b36c3",2
"00a39521eb40f7012db50455bf083460",2
"00cc12a6d8b578b8ebd21ea4e2ae8b27",2
"011575986092c30523ecb71ff10cb473",2
"011b4adcd54683b480c4d841250a987f",2
"012452d40dafae4df401bced74cdb490",2
"012a218df8995d3ec3bb221828360c86",2
"013ef03e0f3f408dd9bf555e4edcdc0a",2
"013f4353d26bb05dc6652f1269458d8d",2
"015557c9912277312b9073947804a7ba",2
"0178b244a5c281fb2ade54038dd4b161",2
"01886ef98f995e4f2dd75a1d04c97397",2
"018b5a7502c30eb5f230f1b4eb23a156",2
"01a22e2079ea71e17313b88e5811e54a",2
"01c289bb06354cdc7e6549570f20ada4",2
"01ea7dfdac01a4e8fbe2902b73510b20",2
"01f2285f85a1c603eb7ef755ad311769",2
"02168ea18740a0fdaaa15f11bebba5db",2
"0241fa2e9adf0576cb0f845377d05c03",2
"027803eb28cc01fbdf5da72b109fabee",2
"029b457bd01199c39136f89e0eddcd3a",2
"02b20b7c813efede140142ac610e36dc",2
"02e4c56fefa30628768ffe326d332e2f",2
"02e9827c15167f699df7bf90d326ffdb",2
"02fbe4db886eb98774c8ba300d39fa79",2
"031e19fc630c4121f1238716f41675c3",2
"031ea691b99fc101dcad357d1a83573f",2
"032b3a42598667caf2e099999b9dc1b9",2
"0333b2fc6ba7014702e08ef613850270",2
"0341bbd5c969923a0f801b9e2d10a7b8",2
"035e7cd88b7450fd33efeca817081a53",2
"0361e980b28826f4d286ac144d9b319a",2
"038301b43811478e1a8dc0e476eaf52e",2
"0396c443fdda5498c7e9ed5b34871c5a",2
"03d4953a455f8489e712ea80699de878",2
"03dabd77cb0ed7a26fafe19e36b67742",2
"03ef7f03905227e15c7b6c860554b3cb",2
"0451ef5a31cea3e14ce02d768d7c9943",2
"0488328f0b499963e32a37fa42a20ca0",2
"048dbdf8f9bbd1be87b25868d1408311",2
"04be500031efe43d2defff8c41810543",2
"04c55667b44fae5f50ed71d40c633d09",2
"04d3c2795b83634312bf3f86f41f7901",2
"04e495a3f45df8b41be2e934bbc16961",2
"04fc637963fe982dd25ac58e4f4770c1",2
"050555c26479bbb8ba0740c37e7454d0",2
"0509ab034845adb0b4c91b6f0e7b7260",2
"053b7090271ed4dacbfe0afd6382bbab",2
"053f7850c3ffd9726cff61c7e42af797",2
"055ec572ac7f3c7bdd04a183830ebe59",2
"05669445931c028d97b7c0637b5a2359",2
"059d1f5650f05d9fed9a6d941593f9b4",2
"059e7585d8fcd2430a33375bdbcbb990",2
"05e52c1f96f8b83dd66dcdce679ff58d",2
"05edb10f73fe7d03959ff26540913b3a",2
"05ef855308303397f1427f29470bb6ab",2
"060f9ea0a180843fb91d4923b6d01bea",2
"0621c2a5979d3e887ae519620cbe2926",2
"065938485846aa5adc196cb536de42e0",2
"065dcef61d5f66b30d2ee51b5343d023",2
"0697142614905a50813d854fa08b8eaf",2
"06d26e5230ac619719997a8cf435a69b",2
"070acf4df1234a6257809e4e79644481",2
"0710e0c85fe7cb494d624e0863782e46",2
"071bb277b0146da77fac31e70657815e",2
"071fb07419a29c8ba143831082e0320a",2
"073037acc049d2be44730a7e39836046",2
"07342638d0e0aad32c3cf0efc1a37ba5",2
"0751ebe1c05ef7a632934adae06c6d4a",2
"075c38f7a650b0dc822712c7a58e93d4",2
"076b7055bea51da430d6a6fa054e5075",2
"078f7e669cebf2fb640d0ad0dabb3068",2
"07abcea6f64399366559afee336a7fd2",2
"07b28cf1d8515d08ccca505e273fffaf",2
"07bd3d18ecba2420a8934b34a26f157a",2
"07df27b714016cb827c99ec2ecd5ebfb",2
"07f61caa1c9e850c14e94854cec87545",2
"07f765655f560c8624267665ce23675a",2
"07ff81a9676efa0286ddd3f09e7c0063",2
"0802a1a217680f13264a70ddb7220823",2
"0807baeeeaa1309effbd9a9dee41ab17",2
"083ce299ea3fc1eba79bd0b17f64555b",2
"084be429c23e342acf5084ac6156d22e",2
"08642cd329066fe11ec63293f714f2f8",2
"0895c61a77b305efdfad13596c749c60",2
"089bc915af34d9041b3a88a1aa84292b",2
"08a374bca4063116d5530a7b04ecaf3f",2
"08b57f87bc889756ca453bf8106d48ce",2
"08d8ad84b0088cbeae77da4ff3817479",2
"08f334e84bc7ab7b588cb7fc77dd7f4a",2
"08f7cf00ed9ff3e0a08fc136ec272974",2
"08fb46d35bb3ab4037202c23592d1259",2
"0937f85b7a96b6ad600405e9bf94255b",2
"0942eedfe0e865b2a80419a14672286f",2
"096e351116755fe4c3c1e48eaf301a41",2
"0981a271500799427cdf345e9121e20b",2
"09831ff6ab667f42521bcd4c22dc755c",2
"0994750c9c22a140010ed86aad2d044b",2
"099fad9e8f7dfbd0412c300bcc697e0b",2
"09ab36a420b5c87c5c9772bdb494f2e3",2
"09baec50afccbb414f24bf8e0bc7c020",2
"09bc7afc3e8d8dccaffd0b16944a91fe",2
"09cd73b13f103e47ce13675b4a4b36f3",2
"09d74edf20acb4f9523fb1cf19a18456",2
"09d7c538023c2c4fb0553c831c12f084",2
"0a1f83858e65e141609fca9ea70a495a",2
"0a5df23b922b9998bb7378f1ac03c98a",2
"0a5fab743da859b3f10a409bbb132a5a",2
"0aa1ab39ff2b837c05d7c9ff85b6d983",2
"0aadc1d26d1c8b88a52c39a533ccea93",2
"0abee71cd257861a0944e2a81cea4a50",2
"0ac10a57d07e3d38b11f66283c44672b",2
"0ac4a9460c1baf3051ffec5c9021a499",2
"0ad1d79346c3b98b517348ecbbadfbc6",2
"0ad7cb4f48f2a2cf5080e3c19c7cf98c",2
"0af334fc660bfc9c75109752cc8271d7",2
"0b3cf8a9362deaf8b870d49ae61f3ca1",2
"0b3dc7efaafb0cf78a4796d42fa8d74c",2
"0b402d6dd50694a118c642448e2cb086",2
"0b51518c7deffd54b13b007c9f91c3f0",2
"0b6d4f036c07e10854affe43fc4e718c",2
"0b8ed32525608a907c7331b613b5b67e",2
"0bbb42a9ca8179ccfce14a11d2afe6de",2
"0bc9c245cd69735af23eefdd89d74e7e",2
"0bdb6ad22574bad5202df1e92a9aa403",2
"0be7af6c16fbca7eff244788f89146a3",2
"0bf1278577a2acf8532a031d98cd517c",2
"0c10e674d1504f959a7f2e504148c296",2
"0c1201c04330536234aaa49b396745d4",2
"0c32aa09e8eced3ea26c2a013b7b75e9",2
"0c4c416f1f9844e6805b074f8f96f52c",2
"0c8286526be3a0fc8f50b7267db95035",2
"0c8ac932c65f67489929f9164a86606d",2
"0c9abfaffa0ae7587cebfdf0d680e3b7",2
"0cbcf91ef2dd6dfcce9ee63c8772dc97",2
"0ceb502fc33a2ad327b08288c5310e2e",2
"0cf46588cd3f5a23002166b5a1945820",2
"0cfd915db480acd7d9a954409cabfb1c",2
"0d153268371aa25450d4117ff070277e",2
"0d4644eff058d75937ca1eec574bf87d",2
"0d51e04ae0b1d341e4f49812d1f4fbe2",2
"0d52f8cd8892f109a15803df169113b6",2
"0d57344e9e4e9d16dc699cb417e50cb0",2
"0d7241c7fb49c1be6e75c9fe99e0822c",2
"0d997d092f93b5c58d0f9b4bd0643d16",2
"0dc81b520ef7db9cb44bb075e129dcf8",2
"0dd933d1e0253343083013791bf5d5e9",2
"0ddba04798f1c085d0ca93af0e91f6c1",2
"0df55f5accedda71bda8f4c7f590951f",2
"0e06af8004ffd01a3461e768f9f659aa",2
"0e37a80826485260170d428b06df0ab6",2
"0e381ce773b382849206115413009851",2
"0e3c753956e35026b965d9ac3590c5af",2
"0e4d012fac3d20c033e0284fb6d2ea6a",2
"0e730550dfc5d7f1cea73484bb2e0249",2
"0e78a1b66adee5bb3a6f014714f79cf4",2
"0e850ed5adc4abe0346435eda5b1a626",2
"0ea353565cdde00e1d8352a08290a352",2
"0ecc403ec5d6ce000fd84f00cd5efb0a",2
"0ecf7f65b5ff3b9e61b637e59f495e0a",2
"0ee1969ea903c6be704958e2300068b2",2
"0ee57f62666561b72f2ceacad0230cbf",2
"0ef7b906320b21fe4d39f99496aaa2d8",2
"0efd5025e6544ef110881866b945d0cc",2
"0f0b49d45120fcb28bda56e94bc85673",2
"0f0e48a91c9c285404572b095bcb373c",2
"0f10d99ee99ca3d0489f2f2169b41ec3",2
"0f187f58097c5431d5244e1fe1383884",2
"0f1bd80ed58b9d0f45dca1bb396d8ac9",2
"0f26a77f8de836d7c44b4694e0fa3ea4",2
"0f38a44168ec569a3f783ebf98d79095",2
"0f5ac8d5c31de21d2f25e24be15bbffb",2
"0f6371fc9c2e78818a6e7aa33022a506",2
"0f64cafdb3e1e4806c99ff165305e27f",2
"0f9349a9da479b7e02c4cb4a0c73fb47",2
"0fd39b61ec94864f92e18e5d7144bc6c",2
"0fd475edfa0b61c59ecde6f89c21dedb",2
"0ffc908947e1f0c9f17647058b9a58c2",2
"100f480d33281b45b97c07395968e56c",2
"1015173479527a15ccb63606a74f404e",2
"10351fa9e690ca750568e3c19978d69e",2
"1041688b50cfd8ef6df6086a1746a30c",2
"10867a902e32dd54061b2cda9c55b0b6",2
"10a4b9f45f67e6bc9ca4032b9203272c",2
"10b442e762ba8a5ad22de5ba2207e5f1",2
"10b58cbd6607267fd41812614367439e",2
"10bf8afdd66da75c386fbacf04c85710",2
"10d5890ed5e7ec78a7db23b5ac579b17",2
"110991b379efbcebb0d35cbd20bf9698",2
"1118a7bb7ba893f10740e22a23aa5bd9",2
"1118bbd6c82a824ebc677b12e525864f",2
"11395124061744bf276aefd8073f3105",2
"115030e27b9970683ad81cb05679157c",2
"1175e95fb47ddff9de6b2b06188f7e0d",2
"118be57d1b7de439453a0c6625ad7934",2
"1197ba886110324a1519fff17dd8d1d2",2
"11b47516f8f6a42105b9807903ede333",2
"11e95918d6816403858e8314a3503f4c",2
"11ebea68a1046fa3268cb278df2c4f31",2
"120a6e1875940fe48a44d6cf30706230",2
"121b5a0ae9d09a2ca5e8090fd2a00a58",2
"1225c9614c5129a3085416d30d50e143",2
"12328d63390726821fdcd8e8b77f10b5",2
"124bc956b56b1523d2a75b29a856085d",2
"124ef8d5acc80858c69d34e3e08b572d",2
"125740359669fa63858476105a5d523d",2
"1291474366a550ebc251d9187e763d62",2
"12ab9334b1240d6d037f2b0102a49571",2
"12b62a8d3c4911b9a80b935037842fc0",2
"12c54f6dfd4b723a6c76c4c989494422",2
"12c9171ee18219cbf18fcfbc33e0c064",2
"130f4a32887cc549621b3c6cf36bf77e",2
"131b8a51429529f4e57e8faa1b87ff4f",2
"133e20311ec257bda38f1798250d38c5",2
"13473af264dea0facd893d6516900b22",2
"13607978e0686d841deb64954c023495",2
"13613cae6e3bfea8327a916246c96cc9",2
"1372bab98f9966bcd4a6fa3e6df6dde8",2
"139093b1c6e7e3108ac0469ce43bfb99",2
"13abc50b97af7425b5066e405d7cd760",2
"13ac6da47fef1b17b16f511e03b57918",2
"13aec51202205c662b24202760e93a92",2
"13bf0b4120921402dff563cda4383ff6",2
"1412559410af5e92c35e053fd6acd006",2
"142575266950512b56af193f3962270a",2
"142dc6250eac579893595d9889411834",2
"1450ca0539e1e64a77c08ba841c8be94",2
"1477c54a1abe3610e3e9ab411801cecb",2
"14843983d4a159080f6afe4b7f346e7c",2
"149c19901ddcd1057deaabc003004a12",2
"14a188558af6cd5bc222ca773d395a7f",2
"14d46ad43ae7e3cd6944258b9840373b",2
"1500da334da019c68fda219f942ba38a",2
"1501fb94311512e6b98462d159e05a23",2
"1506abf10c09a2872e24d79f33e4eb12",2
"151e9edb34867eaece4d6e7ae188f261",2
"155af62b6c947689a67af5c16acd5c55",2
"156283b6ca35ef976a0265903145fd5e",2
"1581a918a58a11d99c69f86d9c0d2098",2
"158ff08f9b1aeebfa96820580f3877a6",2
"1590457b4be348b165ff7030a6f94dce",2
"159306b86e782097be9a4e29e3d294d3",2
"15a38a0c1bf789e06ec42d24e485e794",2
"15a52a044cbf18c87283f8c460ad5ccf",2
"15d2493aa522c1040d639aa74bd1fb31",2
"15eb6c5aa4aa23cbdb42e119220d23ec",2
"1605a6c5d93d3488fb621c5323930795",2
"161b2eb506dd664bb5d23dc701a14b59",2
"1647c6dc2941bd075dc5dd3448807bed",2
